Customer_ID,Segment,Typical_Spend,Typical_Transactions_Per_Day,Home_Region,KYC_Risk_Band,Created_At
C000001,Premium,59.31,2.89,West,Low,2024-05-06
C000002,Standard,62.91,1.33,West,Medium,2025-07-27
C000003,Standard,43.78,2.04,South,Medium,2024-03-14
C000004,Standard,101.5,1.32,South,Low,2025-02-17
C000005,Standard,40.26,1.67,South,Low,2025-02-19
C000006,Standard,43.85,1.97,West,Low,2024-09-21
C000007,Standard,34.06,0.99,South,Medium,2024-06-16
C000008,Premium,128.62,2.01,South,Low,2025-02-21
C000009,Standard,64.22,1.38,Northeast,Low,2025-01-15
C000010,Standard,41.11,1.79,South,Medium,2025-07-09
C000011,Standard,39.66,1.24,Midwest,Low,2024-12-10
C000012,Premium,133.65,2.09,South,High,2024-05-02
C000013,Standard,85.21,2.01,Northeast,Low,2025-07-07
C000014,Premium,88.08,6.03,South,Low,2025-07-08
C000015,Business,178.24,3.99,West,Low,2024-03-12
C000016,Standard,40.15,0.9,South,Low,2024-10-06
C000017,Standard,32.08,1.28,South,Low,2024-01-27
C000018,Standard,34.91,2.72,South,Low,2024-09-07
C000019,Standard,57.98,1.25,Northeast,Medium,2025-10-31
C000020,Standard,63.21,1.45,Midwest,Low,2024-04-17
C000021,Standard,49.07,1.3,West,Low,2023-11-14
C000022,Standard,37.24,1.92,Midwest,Low,2025-06-27
C000023,Standard,39.94,1.35,West,Low,2025-11-11
C000024,Standard,50.28,1.14,Midwest,Low,2024-07-07
C000025,Standard,71.85,1.25,South,Low,2025-10-25
C000026,Standard,27.79,1.5,South,Low,2023-09-22
C000027,Premium,157.01,1.85,West,Low,2025-06-04
C000028,Business,256.75,4.3,South,Low,2024-05-12
C000029,Premium,83.05,2.63,Midwest,Low,2025-03-03
C000030,Standard,50.34,1.53,Midwest,Low,2025-05-22
C000031,Business,168.45,3.61,Midwest,Low,2023-10-21
C000032,Standard,48.98,1.23,South,Low,2024-08-18
C000033,Standard,48.84,1.54,Midwest,Low,2023-12-19
C000034,Standard,36.14,1.05,South,Low,2025-05-21
C000035,Standard,70.1,1.66,Midwest,Low,2025-10-23
C000036,Premium,235.77,1.72,Northeast,Medium,2024-05-09
C000037,Standard,78.14,2.01,Midwest,Medium,2024-06-27
C000038,Standard,61.47,2.2,West,Low,2024-03-31
C000039,Standard,39.71,1.75,South,Low,2024-05-26
C000040,Standard,29.17,1.35,Midwest,Low,2025-07-08
C000041,Premium,141.57,2.36,South,Low,2024-05-14
C000042,Standard,61.08,1.45,South,High,2024-04-14
C000043,Standard,53.85,1.88,Northeast,Medium,2025-05-30
C000044,Standard,31.77,1.69,Northeast,Low,2024-10-27
C000045,Standard,38.64,1.66,West,Low,2024-12-17
C000046,Standard,49.7,1.48,South,Low,2025-06-14
C000047,Standard,39.91,1.2,West,Medium,2023-12-27
C000048,Standard,42.86,1.58,West,Low,2025-10-17
C000049,Premium,157.4,4.0,South,Medium,2023-12-21
C000050,Standard,47.29,0.97,Northeast,Medium,2024-03-09
C000051,Standard,29.21,1.51,Northeast,High,2024-03-04
C000052,Standard,45.42,0.75,South,Low,2025-08-11
C000053,Standard,19.59,1.66,South,Medium,2025-07-13
C000054,Standard,74.82,1.32,Midwest,Low,2024-08-04
C000055,Standard,48.67,1.3,South,Medium,2024-05-25
C000056,Premium,131.31,4.01,South,Low,2023-08-04
C000057,Business,85.17,4.53,South,Medium,2024-05-22
C000058,Premium,86.85,2.12,South,Low,2025-02-17
C000059,Standard,64.69,1.89,South,Low,2023-09-24
C000060,Standard,15.11,1.25,Midwest,Low,2024-04-07
C000061,Standard,34.1,1.77,South,Low,2025-09-16
C000062,Standard,20.41,2.49,Midwest,Low,2025-02-21
C000063,Premium,93.63,3.93,South,Low,2023-12-20
C000064,Standard,52.93,1.33,West,Medium,2025-11-11
C000065,Standard,25.37,1.1,South,Medium,2025-08-27
C000066,Standard,66.93,1.24,West,Low,2025-05-31
C000067,Standard,77.94,2.04,Northeast,Medium,2025-05-23
C000068,Business,238.68,2.75,West,Low,2025-03-16
C000069,Premium,68.06,3.01,West,Medium,2024-01-03
C000070,Standard,70.49,1.58,South,High,2023-12-23
C000071,Standard,69.31,0.93,South,Low,2024-11-20
C000072,Premium,76.81,2.57,South,Low,2024-10-19
C000073,Premium,125.18,2.24,West,Low,2024-02-10
C000074,Standard,39.93,2.07,Midwest,Low,2025-11-20
C000075,Standard,90.2,1.77,West,Medium,2023-08-31
C000076,Standard,81.74,1.38,Midwest,Medium,2025-03-12
C000077,Standard,30.96,1.89,South,Medium,2024-05-30
C000078,Premium,95.92,3.28,Midwest,Low,2023-12-10
C000079,Standard,62.94,2.92,Midwest,Medium,2024-10-25
C000080,Standard,38.26,1.14,Northeast,Low,2024-08-03
C000081,Standard,66.97,1.11,South,Medium,2025-03-03
C000082,Standard,97.9,1.26,South,Low,2025-09-21
C000083,Standard,47.73,1.23,Northeast,Low,2025-09-09
C000084,Standard,20.09,1.74,Midwest,High,2025-10-13
C000085,Premium,100.39,3.15,South,Medium,2024-03-14
C000086,Standard,107.54,1.7,West,High,2025-01-04
C000087,Premium,118.38,1.75,South,Low,2024-05-01
C000088,Standard,30.69,1.34,West,Medium,2024-08-28
C000089,Premium,109.98,2.8,South,Low,2025-11-18
C000090,Standard,26.48,1.63,South,Low,2023-12-28
C000091,Standard,39.17,1.46,Midwest,Low,2024-02-02
C000092,Standard,55.26,1.83,South,Medium,2024-05-08
C000093,Standard,58.2,1.67,West,Low,2024-02-24
C000094,Standard,27.51,1.42,South,Low,2024-12-07
C000095,Standard,45.85,1.57,South,Medium,2025-10-03
C000096,Standard,30.19,1.34,Northeast,Medium,2023-08-30
C000097,Standard,26.04,1.58,Midwest,Low,2023-07-17
C000098,Premium,154.47,2.76,Northeast,Low,2025-03-26
C000099,Standard,32.62,1.03,South,Low,2024-05-28
C000100,Premium,66.43,2.29,Northeast,Medium,2024-10-16
C000101,Premium,61.95,2.38,Midwest,Low,2023-12-16
C000102,Business,78.18,3.47,West,Low,2024-05-17
C000103,Standard,90.17,1.46,Northeast,Medium,2025-11-16
C000104,Business,430.29,4.98,South,Low,2024-09-14
C000105,Standard,54.56,1.95,Midwest,Medium,2024-02-22
C000106,Premium,111.12,2.0,Northeast,Medium,2024-04-05
C000107,Standard,56.9,1.37,Midwest,Medium,2025-05-07
C000108,Standard,52.25,1.32,South,High,2024-08-16
C000109,Standard,78.56,1.5,Midwest,Low,2024-07-26
C000110,Standard,43.55,3.38,Northeast,Low,2025-03-07
C000111,Standard,24.7,1.36,South,Low,2024-12-19
C000112,Premium,53.29,1.52,Northeast,Medium,2025-08-25
C000113,Standard,17.82,1.59,Northeast,Medium,2023-12-23
C000114,Standard,46.38,1.7,South,High,2024-08-13
C000115,Premium,67.75,2.29,Northeast,Low,2024-05-07
C000116,Business,171.52,4.04,South,Medium,2024-06-17
C000117,Standard,25.43,1.94,Northeast,Low,2024-05-19
C000118,Premium,80.76,3.24,Midwest,Low,2024-08-09
C000119,Premium,174.97,1.23,Midwest,Low,2024-12-09
C000120,Standard,47.28,1.02,West,Low,2025-02-20
C000121,Standard,40.32,0.94,South,Low,2024-07-13
C000122,Standard,65.98,1.06,South,Low,2025-08-20
C000123,Premium,52.23,2.95,South,Medium,2025-07-14
C000124,Standard,70.76,1.39,Midwest,Low,2023-07-17
C000125,Standard,36.54,1.08,Midwest,Low,2025-09-02
C000126,Business,132.85,5.53,South,Medium,2023-08-07
C000127,Standard,34.77,1.55,Midwest,Low,2025-02-20
C000128,Standard,57.63,1.02,Northeast,Low,2025-05-08
C000129,Standard,45.39,1.83,Northeast,Low,2025-03-05
C000130,Standard,45.08,2.14,South,Low,2025-04-03
C000131,Standard,43.11,1.5,Northeast,Low,2023-07-27
C000132,Standard,38.84,1.49,South,Low,2025-11-11
C000133,Standard,34.85,1.47,Midwest,Low,2025-04-11
C000134,Standard,27.24,1.2,South,Low,2024-08-08
C000135,Premium,65.41,1.76,Midwest,Medium,2025-06-09
C000136,Standard,43.48,1.08,West,Medium,2024-09-05
C000137,Premium,86.43,1.81,West,Low,2025-03-01
C000138,Standard,61.89,0.95,South,Medium,2024-12-08
C000139,Standard,39.3,1.67,South,Medium,2025-08-23
C000140,Standard,41.76,1.3,West,Medium,2024-01-25
C000141,Standard,61.14,1.0,West,Low,2025-09-19
C000142,Standard,41.44,1.89,South,Low,2025-01-27
C000143,Standard,83.89,1.57,Midwest,Medium,2023-12-12
C000144,Standard,64.21,1.97,Northeast,Medium,2025-01-28
C000145,Standard,36.85,1.13,South,Low,2024-04-10
C000146,Standard,36.78,1.71,Northeast,Low,2025-08-08
C000147,Standard,41.63,2.4,South,Low,2024-04-12
C000148,Premium,80.16,2.12,South,Medium,2025-07-09
C000149,Standard,23.12,1.21,South,Low,2024-09-18
C000150,Business,277.99,4.12,South,Medium,2024-05-06
C000151,Standard,31.67,1.36,Northeast,High,2024-05-26
C000152,Business,167.96,5.2,South,Low,2025-10-16
C000153,Standard,18.29,1.31,West,Medium,2024-07-16
C000154,Premium,106.98,2.51,South,Low,2024-05-14
C000155,Standard,36.32,1.96,South,Low,2024-05-06
C000156,Premium,101.93,2.91,Midwest,Medium,2024-03-01
C000157,Standard,29.74,1.22,South,High,2025-11-29
C000158,Standard,26.21,1.34,Northeast,Medium,2025-10-11
C000159,Standard,30.48,2.62,Midwest,Low,2023-07-21
C000160,Standard,56.17,1.87,South,Low,2025-11-17
C000161,Premium,76.34,1.89,West,Medium,2024-09-23
C000162,Standard,67.68,1.6,Midwest,Low,2023-11-10
C000163,Standard,51.19,1.0,South,Low,2025-08-20
C000164,Standard,50.29,1.42,Northeast,Low,2025-11-13
C000165,Standard,46.2,1.77,South,Medium,2025-03-20
C000166,Standard,72.71,1.13,Midwest,Low,2023-11-11
C000167,Standard,23.3,2.5,Northeast,Low,2025-03-02
C000168,Standard,32.78,1.46,South,Medium,2023-07-31
C000169,Standard,34.01,1.88,South,Low,2024-04-10
C000170,Standard,67.61,0.7,Northeast,High,2024-05-22
C000171,Standard,26.5,1.31,Northeast,Low,2024-08-19
C000172,Standard,46.43,1.78,South,Medium,2024-08-26
C000173,Standard,61.9,1.2,Midwest,Low,2024-10-20
C000174,Standard,63.82,2.02,Northeast,Low,2024-01-18
C000175,Standard,34.91,1.33,West,Low,2024-11-08
C000176,Standard,63.35,2.83,Northeast,Low,2025-09-01
C000177,Standard,77.27,1.46,South,Medium,2024-12-27
C000178,Premium,85.58,2.09,West,Low,2024-02-06
C000179,Standard,92.2,1.57,Northeast,Low,2024-06-19
C000180,Standard,63.7,1.25,West,Low,2025-05-07
C000181,Standard,48.19,1.22,Midwest,Low,2025-06-07
C000182,Standard,49.42,1.6,Northeast,Low,2025-01-06
C000183,Standard,40.47,1.86,South,Low,2025-02-11
C000184,Premium,80.24,3.33,West,Low,2024-07-23
C000185,Standard,48.31,1.09,Northeast,Low,2025-03-30
C000186,Business,195.51,2.51,West,Low,2025-03-29
C000187,Standard,36.33,1.5,Midwest,Medium,2025-06-24
C000188,Standard,82.8,2.41,South,Low,2025-03-23
C000189,Standard,49.27,1.99,Northeast,High,2025-06-14
C000190,Standard,66.59,1.99,South,Low,2024-09-15
C000191,Standard,75.7,1.24,South,Low,2024-01-14
C000192,Standard,32.18,1.18,Northeast,Low,2024-11-19
C000193,Standard,64.87,1.51,South,Low,2023-11-17
C000194,Standard,56.78,1.34,Midwest,Medium,2023-10-18
C000195,Premium,63.51,2.3,South,Low,2024-07-20
C000196,Business,323.94,5.79,Midwest,Medium,2025-05-02
C000197,Business,222.32,3.13,Northeast,Low,2024-04-19
C000198,Premium,104.23,1.45,Midwest,Low,2024-09-23
C000199,Standard,87.03,1.44,South,Low,2025-10-19
C000200,Standard,36.51,1.07,Northeast,High,2023-08-12

