Transaction_ID,Event_ID,Typology,Crisis_Start,Event_Start,Affected_Customer_ID,Compromised_Terminal_ID
X000022834,F0001,terminal_compromise,2026-02-04,2026-02-04,C000106,T00092
X000022835,F0001,terminal_compromise,2026-02-04,2026-02-04,C000177,T00092
X000022836,F0001,terminal_compromise,2026-02-04,2026-02-04,C000177,T00092
X000022837,F0001,terminal_compromise,2026-02-04,2026-02-04,C000106,T00092
X000022838,F0001,terminal_compromise,2026-02-04,2026-02-04,C000199,T00092
X000022839,F0001,terminal_compromise,2026-02-04,2026-02-04,C000025,T00092
X000022840,F0001,terminal_compromise,2026-02-04,2026-02-04,C000186,T00092
X000022841,F0001,terminal_compromise,2026-02-04,2026-02-04,C000017,T00092
X000022842,F0001,terminal_compromise,2026-02-04,2026-02-04,C000166,T00092
X000022843,F0001,terminal_compromise,2026-02-04,2026-02-04,C000106,T00092
X000022844,F0001,terminal_compromise,2026-02-04,2026-02-04,C000106,T00092
X000022845,F0001,terminal_compromise,2026-02-04,2026-02-04,C000199,T00092
X000022846,F0001,terminal_compromise,2026-02-04,2026-02-04,C000153,T00092
X000022847,F0001,terminal_compromise,2026-02-04,2026-02-04,C000186,T00092
X000022848,F0001,terminal_compromise,2026-02-04,2026-02-04,C000025,T00092
X000022849,F0001,terminal_compromise,2026-02-04,2026-02-04,C000017,T00092
X000022850,F0002,terminal_compromise,2026-02-04,2026-02-17,C000153,T00092
X000022851,F0002,terminal_compromise,2026-02-04,2026-02-17,C000153,T00092
X000022852,F0002,terminal_compromise,2026-02-04,2026-02-17,C000017,T00092
X000022853,F0002,terminal_compromise,2026-02-04,2026-02-17,C000153,T00092
X000022854,F0002,terminal_compromise,2026-02-04,2026-02-17,C000106,T00092
X000022855,F0002,terminal_compromise,2026-02-04,2026-02-17,C000153,T00092
X000022856,F0002,terminal_compromise,2026-02-04,2026-02-17,C000177,T00092
X000022857,F0002,terminal_compromise,2026-02-04,2026-02-17,C000153,T00092
X000022858,F0002,terminal_compromise,2026-02-04,2026-02-17,C000106,T00092
X000022859,F0002,terminal_compromise,2026-02-04,2026-02-17,C000186,T00092
X000022860,F0002,terminal_compromise,2026-02-04,2026-02-17,C000017,T00092
X000022861,F0002,terminal_compromise,2026-02-04,2026-02-17,C000153,T00092
X000022862,F0002,terminal_compromise,2026-02-04,2026-02-17,C000106,T00092
X000022863,F0002,terminal_compromise,2026-02-04,2026-02-17,C000177,T00092
X000022864,F0002,terminal_compromise,2026-02-04,2026-02-17,C000166,T00092
X000022865,F0002,terminal_compromise,2026-02-04,2026-02-17,C000025,T00092
X000022866,F0003,card_testing,2026-02-04,2026-02-04,C000065,T00037
X000022867,F0003,card_testing,2026-02-04,2026-02-04,C000082,T00037
X000022868,F0003,card_testing,2026-02-04,2026-02-04,C000065,T00037
X000022869,F0003,card_testing,2026-02-04,2026-02-04,C000182,T00037
X000022870,F0003,card_testing,2026-02-04,2026-02-04,C000130,T00037
X000022871,F0003,card_testing,2026-02-04,2026-02-04,C000082,T00037
X000022872,F0003,card_testing,2026-02-04,2026-02-04,C000130,T00037
X000022873,F0003,card_testing,2026-02-04,2026-02-04,C000130,T00037
X000022874,F0003,card_testing,2026-02-04,2026-02-04,C000182,T00037
X000022875,F0003,card_testing,2026-02-04,2026-02-04,C000065,T00037
X000022876,F0003,card_testing,2026-02-04,2026-02-04,C000065,T00037
X000022877,F0003,card_testing,2026-02-04,2026-02-04,C000082,T00037
X000022878,F0004,card_testing,2026-02-04,2026-02-17,C000065,T00037
X000022879,F0004,card_testing,2026-02-04,2026-02-17,C000065,T00037
X000022880,F0004,card_testing,2026-02-04,2026-02-17,C000065,T00037
X000022881,F0004,card_testing,2026-02-04,2026-02-17,C000130,T00037
X000022882,F0004,card_testing,2026-02-04,2026-02-17,C000182,T00037
X000022883,F0004,card_testing,2026-02-04,2026-02-17,C000065,T00037
X000022884,F0004,card_testing,2026-02-04,2026-02-17,C000065,T00037
X000022885,F0004,card_testing,2026-02-04,2026-02-17,C000082,T00037
X000022886,F0004,card_testing,2026-02-04,2026-02-17,C000130,T00037
X000022887,F0004,card_testing,2026-02-04,2026-02-17,C000130,T00037
X000022888,F0004,card_testing,2026-02-04,2026-02-17,C000182,T00037
X000022889,F0004,card_testing,2026-02-04,2026-02-17,C000182,T00037
X000022890,F0005,credential_compromise,2026-02-04,2026-02-04,C000108,T00042
X000022891,F0005,credential_compromise,2026-02-04,2026-02-04,C000108,T00042
X000022892,F0005,credential_compromise,2026-02-04,2026-02-04,C000108,T00042
X000022893,F0005,credential_compromise,2026-02-04,2026-02-04,C000108,T00042
X000022894,F0006,credential_compromise,2026-02-04,2026-02-17,C000108,T00042
X000022895,F0006,credential_compromise,2026-02-04,2026-02-17,C000108,T00042
X000022896,F0006,credential_compromise,2026-02-04,2026-02-17,C000108,T00042
X000022897,F0006,credential_compromise,2026-02-04,2026-02-17,C000108,T00042
X000022898,F0007,account_takeover,2026-02-04,2026-02-04,C000030,T00094
X000022899,F0007,account_takeover,2026-02-04,2026-02-04,C000030,T00094
X000022900,F0007,account_takeover,2026-02-04,2026-02-04,C000030,T00094
X000022901,F0008,account_takeover,2026-02-04,2026-02-17,C000030,T00094
X000022902,F0008,account_takeover,2026-02-04,2026-02-17,C000030,T00094
X000022903,F0008,account_takeover,2026-02-04,2026-02-17,C000030,T00094

