Strategy,Transactions,Fraud_Transactions,Fraud_Value,Fraud_Value_Captured_Pct,Fraud_Loss_After_Intervention,Precision_Among_Interventions,Fraud_Recall,Legitimate_Challenge_Count,Legitimate_Review_Count,False_Declines,Review_Overflow_Count,Net_Economic_Cost,Review_Capacity_Per_Day,Economic_Scenario
Rules,6923,35,7194.17,75.62,1917.65,0.0673,0.8286,392,7,3,12,-4699.86,1,Base assumptions
Logistic,6923,35,7194.17,77.9,1727.65,0.1508,0.8571,155,11,3,21,-5665.86,1,Base assumptions
Rules + logistic,6923,35,7194.17,78.29,1700.1,0.0683,0.8571,398,8,3,12,-4902.66,1,Base assumptions
Incumbent,6923,35,7194.17,0.0,8069.17,0.0,0.0,97,0,0,0,385.41,1,Base assumptions
Rules,6923,35,7194.17,75.62,2820.6,0.0673,0.8286,392,7,3,12,-3796.91,1,Lower challenge effectiveness
Logistic,6923,35,7194.17,77.9,2558.27,0.1508,0.8571,155,11,3,21,-4835.25,1,Lower challenge effectiveness
Rules + logistic,6923,35,7194.17,78.29,2626.88,0.0683,0.8571,398,8,3,12,-3975.89,1,Lower challenge effectiveness
Incumbent,6923,35,7194.17,0.0,8069.17,0.0,0.0,97,0,0,0,385.41,1,Lower challenge effectiveness
Rules,6923,35,7194.17,75.62,1240.43,0.0673,0.8286,392,7,3,12,-5377.07,1,Higher challenge effectiveness
Logistic,6923,35,7194.17,77.9,1104.69,0.1508,0.8571,155,11,3,21,-6288.82,1,Higher challenge effectiveness
Rules + logistic,6923,35,7194.17,78.29,1005.02,0.0683,0.8571,398,8,3,12,-5597.74,1,Higher challenge effectiveness
Incumbent,6923,35,7194.17,0.0,8069.17,0.0,0.0,97,0,0,0,385.41,1,Higher challenge effectiveness
Rules,6923,35,7194.17,75.62,1917.65,0.0673,0.8286,392,7,3,12,-4759.86,1,Lower false-decline attrition
Logistic,6923,35,7194.17,77.9,1727.65,0.1508,0.8571,155,11,3,21,-5725.86,1,Lower false-decline attrition
Rules + logistic,6923,35,7194.17,78.29,1700.1,0.0683,0.8571,398,8,3,12,-4962.66,1,Lower false-decline attrition
Incumbent,6923,35,7194.17,0.0,8069.17,0.0,0.0,97,0,0,0,385.41,1,Lower false-decline attrition
Rules,6923,35,7194.17,75.62,1917.65,0.0673,0.8286,392,7,3,12,-4624.86,1,Higher false-decline attrition
Logistic,6923,35,7194.17,77.9,1727.65,0.1508,0.8571,155,11,3,21,-5590.86,1,Higher false-decline attrition
Rules + logistic,6923,35,7194.17,78.29,1700.1,0.0683,0.8571,398,8,3,12,-4827.66,1,Higher false-decline attrition
Incumbent,6923,35,7194.17,0.0,8069.17,0.0,0.0,97,0,0,0,385.41,1,Higher false-decline attrition
Rules,6923,35,7194.17,75.62,1940.53,0.0673,0.8286,392,7,3,12,-4676.97,1,Lower review recovery
Logistic,6923,35,7194.17,77.9,1776.25,0.1508,0.8571,155,11,3,21,-5617.26,1,Lower review recovery
Rules + logistic,6923,35,7194.17,78.29,1700.62,0.0683,0.8571,398,8,3,12,-4902.14,1,Lower review recovery
Incumbent,6923,35,7194.17,0.0,8069.17,0.0,0.0,97,0,0,0,385.41,1,Lower review recovery
Rules,6923,35,7194.17,77.39,1806.47,0.0673,0.8286,390,9,3,6,-4802.84,5,Base assumptions
Logistic,6923,35,7194.17,77.9,1731.65,0.1508,0.8571,146,20,3,11,-5624.96,5,Base assumptions
Rules + logistic,6923,35,7194.17,80.53,1555.43,0.0683,0.8571,394,12,3,4,-5030.93,5,Base assumptions
Incumbent,6923,35,7194.17,0.0,8069.17,0.0,0.0,97,0,0,0,385.41,5,Base assumptions
Rules,6923,35,7194.17,77.39,2454.27,0.0673,0.8286,390,9,3,6,-4155.04,5,Lower challenge effectiveness
Logistic,6923,35,7194.17,77.9,2562.06,0.1508,0.8571,146,20,3,11,-4794.55,5,Lower challenge effectiveness
Rules + logistic,6923,35,7194.17,80.53,2160.06,0.0683,0.8571,394,12,3,4,-4426.3,5,Lower challenge effectiveness
Incumbent,6923,35,7194.17,0.0,8069.17,0.0,0.0,97,0,0,0,385.41,5,Lower challenge effectiveness
Rules,6923,35,7194.17,77.39,1320.62,0.0673,0.8286,390,9,3,6,-5288.69,5,Higher challenge effectiveness
Logistic,6923,35,7194.17,77.9,1108.85,0.1508,0.8571,146,20,3,11,-6247.77,5,Higher challenge effectiveness
Rules + logistic,6923,35,7194.17,80.53,1101.95,0.0683,0.8571,394,12,3,4,-5484.41,5,Higher challenge effectiveness
Incumbent,6923,35,7194.17,0.0,8069.17,0.0,0.0,97,0,0,0,385.41,5,Higher challenge effectiveness
Rules,6923,35,7194.17,77.39,1806.47,0.0673,0.8286,390,9,3,6,-4862.84,5,Lower false-decline attrition
Logistic,6923,35,7194.17,77.9,1731.65,0.1508,0.8571,146,20,3,11,-5684.96,5,Lower false-decline attrition
Rules + logistic,6923,35,7194.17,80.53,1555.43,0.0683,0.8571,394,12,3,4,-5090.93,5,Lower false-decline attrition
Incumbent,6923,35,7194.17,0.0,8069.17,0.0,0.0,97,0,0,0,385.41,5,Lower false-decline attrition
Rules,6923,35,7194.17,77.39,1806.47,0.0673,0.8286,390,9,3,6,-4727.84,5,Higher false-decline attrition
Logistic,6923,35,7194.17,77.9,1731.65,0.1508,0.8571,146,20,3,11,-5549.96,5,Higher false-decline attrition
Rules + logistic,6923,35,7194.17,80.53,1555.43,0.0683,0.8571,394,12,3,4,-4955.93,5,Higher false-decline attrition
Incumbent,6923,35,7194.17,0.0,8069.17,0.0,0.0,97,0,0,0,385.41,5,Higher false-decline attrition
Rules,6923,35,7194.17,77.39,2084.51,0.0673,0.8286,390,9,3,6,-4524.8,5,Lower review recovery
Logistic,6923,35,7194.17,77.9,1780.46,0.1508,0.8571,146,20,3,11,-5576.16,5,Lower review recovery
Rules + logistic,6923,35,7194.17,80.53,1878.1,0.0683,0.8571,394,12,3,4,-4708.26,5,Lower review recovery
Incumbent,6923,35,7194.17,0.0,8069.17,0.0,0.0,97,0,0,0,385.41,5,Lower review recovery
Rules,6923,35,7194.17,78.52,1749.65,0.0673,0.8286,390,9,3,0,-4859.65,15,Base assumptions
Logistic,6923,35,7194.17,81.62,1496.89,0.1508,0.8571,144,22,3,1,-5851.52,15,Base assumptions
Rules + logistic,6923,35,7194.17,81.08,1532.47,0.0683,0.8571,394,12,3,0,-5053.89,15,Base assumptions
Incumbent,6923,35,7194.17,0.0,8069.17,0.0,0.0,97,0,0,0,385.41,15,Base assumptions
Rules,6923,35,7194.17,78.52,2234.61,0.0673,0.8286,390,9,3,0,-4374.69,15,Lower challenge effectiveness
Logistic,6923,35,7194.17,81.62,1792.18,0.1508,0.8571,144,22,3,1,-5556.23,15,Lower challenge effectiveness
Rules + logistic,6923,35,7194.17,81.08,2058.39,0.0683,0.8571,394,12,3,0,-4527.97,15,Lower challenge effectiveness
Incumbent,6923,35,7194.17,0.0,8069.17,0.0,0.0,97,0,0,0,385.41,15,Lower challenge effectiveness
Rules,6923,35,7194.17,78.52,1385.93,0.0673,0.8286,390,9,3,0,-5223.38,15,Higher challenge effectiveness
Logistic,6923,35,7194.17,81.62,1275.42,0.1508,0.8571,144,22,3,1,-6072.99,15,Higher challenge effectiveness
Rules + logistic,6923,35,7194.17,81.08,1138.03,0.0683,0.8571,394,12,3,0,-5448.33,15,Higher challenge effectiveness
Incumbent,6923,35,7194.17,0.0,8069.17,0.0,0.0,97,0,0,0,385.41,15,Higher challenge effectiveness
Rules,6923,35,7194.17,78.52,1749.65,0.0673,0.8286,390,9,3,0,-4919.65,15,Lower false-decline attrition
Logistic,6923,35,7194.17,81.62,1496.89,0.1508,0.8571,144,22,3,1,-5911.52,15,Lower false-decline attrition
Rules + logistic,6923,35,7194.17,81.08,1532.47,0.0683,0.8571,394,12,3,0,-5113.89,15,Lower false-decline attrition
Incumbent,6923,35,7194.17,0.0,8069.17,0.0,0.0,97,0,0,0,385.41,15,Lower false-decline attrition
Rules,6923,35,7194.17,78.52,1749.65,0.0673,0.8286,390,9,3,0,-4784.65,15,Higher false-decline attrition
Logistic,6923,35,7194.17,81.62,1496.89,0.1508,0.8571,144,22,3,1,-5776.52,15,Higher false-decline attrition
Rules + logistic,6923,35,7194.17,81.08,1532.47,0.0683,0.8571,394,12,3,0,-4978.89,15,Higher false-decline attrition
Incumbent,6923,35,7194.17,0.0,8069.17,0.0,0.0,97,0,0,0,385.41,15,Higher false-decline attrition
Rules,6923,35,7194.17,78.52,2190.53,0.0673,0.8286,390,9,3,0,-4418.78,15,Lower review recovery
Logistic,6923,35,7194.17,81.62,2080.82,0.1508,0.8571,144,22,3,1,-5267.6,15,Lower review recovery
Rules + logistic,6923,35,7194.17,81.08,1933.85,0.0683,0.8571,394,12,3,0,-4652.51,15,Lower review recovery
Incumbent,6923,35,7194.17,0.0,8069.17,0.0,0.0,97,0,0,0,385.41,15,Lower review recovery
Rules,6923,35,7194.17,78.52,1749.65,0.0673,0.8286,390,9,3,0,-4859.65,25,Base assumptions
Logistic,6923,35,7194.17,81.62,1496.89,0.1508,0.8571,143,23,3,0,-5847.42,25,Base assumptions
Rules + logistic,6923,35,7194.17,81.08,1532.47,0.0683,0.8571,394,12,3,0,-5053.89,25,Base assumptions
Incumbent,6923,35,7194.17,0.0,8069.17,0.0,0.0,97,0,0,0,385.41,25,Base assumptions
Rules,6923,35,7194.17,78.52,2234.61,0.0673,0.8286,390,9,3,0,-4374.69,25,Lower challenge effectiveness
Logistic,6923,35,7194.17,81.62,1792.18,0.1508,0.8571,143,23,3,0,-5552.13,25,Lower challenge effectiveness
Rules + logistic,6923,35,7194.17,81.08,2058.39,0.0683,0.8571,394,12,3,0,-4527.97,25,Lower challenge effectiveness
Incumbent,6923,35,7194.17,0.0,8069.17,0.0,0.0,97,0,0,0,385.41,25,Lower challenge effectiveness
Rules,6923,35,7194.17,78.52,1385.93,0.0673,0.8286,390,9,3,0,-5223.38,25,Higher challenge effectiveness
Logistic,6923,35,7194.17,81.62,1275.42,0.1508,0.8571,143,23,3,0,-6068.89,25,Higher challenge effectiveness
Rules + logistic,6923,35,7194.17,81.08,1138.03,0.0683,0.8571,394,12,3,0,-5448.33,25,Higher challenge effectiveness
Incumbent,6923,35,7194.17,0.0,8069.17,0.0,0.0,97,0,0,0,385.41,25,Higher challenge effectiveness
Rules,6923,35,7194.17,78.52,1749.65,0.0673,0.8286,390,9,3,0,-4919.65,25,Lower false-decline attrition
Logistic,6923,35,7194.17,81.62,1496.89,0.1508,0.8571,143,23,3,0,-5907.42,25,Lower false-decline attrition
Rules + logistic,6923,35,7194.17,81.08,1532.47,0.0683,0.8571,394,12,3,0,-5113.89,25,Lower false-decline attrition
Incumbent,6923,35,7194.17,0.0,8069.17,0.0,0.0,97,0,0,0,385.41,25,Lower false-decline attrition
Rules,6923,35,7194.17,78.52,1749.65,0.0673,0.8286,390,9,3,0,-4784.65,25,Higher false-decline attrition
Logistic,6923,35,7194.17,81.62,1496.89,0.1508,0.8571,143,23,3,0,-5772.42,25,Higher false-decline attrition
Rules + logistic,6923,35,7194.17,81.08,1532.47,0.0683,0.8571,394,12,3,0,-4978.89,25,Higher false-decline attrition
Incumbent,6923,35,7194.17,0.0,8069.17,0.0,0.0,97,0,0,0,385.41,25,Higher false-decline attrition
Rules,6923,35,7194.17,78.52,2190.53,0.0673,0.8286,390,9,3,0,-4418.78,25,Lower review recovery
Logistic,6923,35,7194.17,81.62,2080.82,0.1508,0.8571,143,23,3,0,-5263.5,25,Lower review recovery
Rules + logistic,6923,35,7194.17,81.08,1933.85,0.0683,0.8571,394,12,3,0,-4652.51,25,Lower review recovery
Incumbent,6923,35,7194.17,0.0,8069.17,0.0,0.0,97,0,0,0,385.41,25,Lower review recovery
Rules,6923,35,7194.17,78.52,1749.65,0.0673,0.8286,390,9,3,0,-4859.65,50,Base assumptions
Logistic,6923,35,7194.17,81.62,1496.89,0.1508,0.8571,143,23,3,0,-5847.42,50,Base assumptions
Rules + logistic,6923,35,7194.17,81.08,1532.47,0.0683,0.8571,394,12,3,0,-5053.89,50,Base assumptions
Incumbent,6923,35,7194.17,0.0,8069.17,0.0,0.0,97,0,0,0,385.41,50,Base assumptions
Rules,6923,35,7194.17,78.52,2234.61,0.0673,0.8286,390,9,3,0,-4374.69,50,Lower challenge effectiveness
Logistic,6923,35,7194.17,81.62,1792.18,0.1508,0.8571,143,23,3,0,-5552.13,50,Lower challenge effectiveness
Rules + logistic,6923,35,7194.17,81.08,2058.39,0.0683,0.8571,394,12,3,0,-4527.97,50,Lower challenge effectiveness
Incumbent,6923,35,7194.17,0.0,8069.17,0.0,0.0,97,0,0,0,385.41,50,Lower challenge effectiveness
Rules,6923,35,7194.17,78.52,1385.93,0.0673,0.8286,390,9,3,0,-5223.38,50,Higher challenge effectiveness
Logistic,6923,35,7194.17,81.62,1275.42,0.1508,0.8571,143,23,3,0,-6068.89,50,Higher challenge effectiveness
Rules + logistic,6923,35,7194.17,81.08,1138.03,0.0683,0.8571,394,12,3,0,-5448.33,50,Higher challenge effectiveness
Incumbent,6923,35,7194.17,0.0,8069.17,0.0,0.0,97,0,0,0,385.41,50,Higher challenge effectiveness
Rules,6923,35,7194.17,78.52,1749.65,0.0673,0.8286,390,9,3,0,-4919.65,50,Lower false-decline attrition
Logistic,6923,35,7194.17,81.62,1496.89,0.1508,0.8571,143,23,3,0,-5907.42,50,Lower false-decline attrition
Rules + logistic,6923,35,7194.17,81.08,1532.47,0.0683,0.8571,394,12,3,0,-5113.89,50,Lower false-decline attrition
Incumbent,6923,35,7194.17,0.0,8069.17,0.0,0.0,97,0,0,0,385.41,50,Lower false-decline attrition
Rules,6923,35,7194.17,78.52,1749.65,0.0673,0.8286,390,9,3,0,-4784.65,50,Higher false-decline attrition
Logistic,6923,35,7194.17,81.62,1496.89,0.1508,0.8571,143,23,3,0,-5772.42,50,Higher false-decline attrition
Rules + logistic,6923,35,7194.17,81.08,1532.47,0.0683,0.8571,394,12,3,0,-4978.89,50,Higher false-decline attrition
Incumbent,6923,35,7194.17,0.0,8069.17,0.0,0.0,97,0,0,0,385.41,50,Higher false-decline attrition
Rules,6923,35,7194.17,78.52,2190.53,0.0673,0.8286,390,9,3,0,-4418.78,50,Lower review recovery
Logistic,6923,35,7194.17,81.62,2080.82,0.1508,0.8571,143,23,3,0,-5263.5,50,Lower review recovery
Rules + logistic,6923,35,7194.17,81.08,1933.85,0.0683,0.8571,394,12,3,0,-4652.51,50,Lower review recovery
Incumbent,6923,35,7194.17,0.0,8069.17,0.0,0.0,97,0,0,0,385.41,50,Lower review recovery

