Seed,Strategy,Transactions,Fraud_Transactions,Fraud_Value,Fraud_Value_Captured_Pct,Fraud_Loss_After_Intervention,Precision_Among_Interventions,Fraud_Recall,Legitimate_Challenge_Count,Legitimate_Review_Count,False_Declines,Review_Overflow_Count,Net_Economic_Cost,PR_AUC
20260915,Rules,74237,350,67233.18,73.09,20745.89,0.0457,0.7486,5305,140,30,0,-56248.77,0.2655
20260915,Logistic,74237,350,67233.18,91.42,7219.04,0.1193,0.8829,1838,410,33,0,-79150.5,0.5855
20260916,Rules,74456,350,70487.05,76.44,19169.15,0.0429,0.7629,5764,155,38,0,-53395.88,0.2351
20260916,Logistic,74456,350,70487.05,92.86,6991.79,0.1279,0.8257,1705,248,18,0,-77637.63,0.5716
20260917,Rules,74457,350,69170.8,73.83,20558.99,0.0472,0.7771,5309,135,45,0,-53770.77,0.2644
20260917,Logistic,74457,350,69170.8,90.09,8588.99,0.1239,0.8457,1785,288,20,0,-76259.15,0.5299
20260918,Rules,72164,350,71183.59,72.63,22239.72,0.0516,0.7314,4552,120,31,0,-48141.27,0.2329
20260918,Logistic,72164,350,71183.59,89.53,9074.76,0.1301,0.8714,1700,320,19,0,-68811.92,0.5662
20260919,Rules,74010,350,70142.42,70.99,23043.66,0.0457,0.7457,5271,147,31,0,-52612.76,0.2314
20260919,Logistic,74010,350,70142.42,85.86,11322.36,0.1227,0.8857,1815,385,17,0,-74055.78,0.5361
20260920,Rules,73645,350,66598.35,72.9,20748.21,0.0462,0.7429,5209,124,37,0,-50209.39,0.2386
20260920,Logistic,73645,350,66598.35,94.26,5115.21,0.1233,0.9,1818,397,24,0,-74272.72,0.6317
20260921,Rules,73773,350,72092.74,68.29,25698.13,0.0461,0.7286,5092,138,41,0,-48112.39,0.2225
20260921,Logistic,73773,350,72092.74,88.01,10794.79,0.1303,0.7971,1568,277,18,0,-73457.39,0.5235
20260922,Rules,73641,350,65333.85,74.88,18887.03,0.0506,0.7771,4964,109,34,0,-54084.7,0.3003
20260922,Logistic,73641,350,65333.85,92.5,6336.33,0.1272,0.8914,1790,336,15,0,-75282.9,0.6386
20260923,Rules,74630,350,72071.48,75.03,20122.26,0.0506,0.8143,5169,154,24,0,-55300.85,0.2895
20260923,Logistic,74630,350,72071.48,89.52,9147.34,0.119,0.8771,1828,418,27,0,-75204.31,0.5436
20260924,Rules,74262,350,72298.27,73.4,21739.4,0.0473,0.7629,5211,138,28,0,-53954.92,0.2716
20260924,Logistic,74262,350,72298.27,90.3,8632.73,0.1282,0.86,1738,287,22,0,-76737.25,0.5501
