Terminal_ID,Merchant_ID,Region,Terminal_Type
T00001,M00079,Northeast,online_gateway
T00002,M00043,Midwest,online_gateway
T00003,M00070,Midwest,online_gateway
T00004,M00030,South,online_gateway
T00005,M00019,Northeast,physical
T00006,M00064,Midwest,online_gateway
T00007,M00052,Midwest,physical
T00008,M00024,Northeast,physical
T00009,M00009,Northeast,physical
T00010,M00008,West,physical
T00011,M00021,Midwest,physical
T00012,M00022,West,physical
T00013,M00017,South,online_gateway
T00014,M00003,West,physical
T00015,M00079,Northeast,online_gateway
T00016,M00061,West,physical
T00017,M00063,South,physical
T00018,M00026,West,online_gateway
T00019,M00042,West,physical
T00020,M00040,West,online_gateway
T00021,M00064,Midwest,physical
T00022,M00004,West,online_gateway
T00023,M00008,West,online_gateway
T00024,M00009,Northeast,online_gateway
T00025,M00006,Midwest,physical
T00026,M00068,Midwest,physical
T00027,M00065,Midwest,physical
T00028,M00056,South,physical
T00029,M00009,Northeast,physical
T00030,M00009,Northeast,online_gateway
T00031,M00045,West,physical
T00032,M00052,Midwest,online_gateway
T00033,M00050,South,online_gateway
T00034,M00040,West,physical
T00035,M00059,Midwest,physical
T00036,M00030,South,physical
T00037,M00079,Northeast,online_gateway
T00038,M00005,West,physical
T00039,M00071,South,physical
T00040,M00047,Northeast,physical
T00041,M00073,West,physical
T00042,M00057,Midwest,physical
T00043,M00059,Midwest,physical
T00044,M00025,West,physical
T00045,M00060,Midwest,physical
T00046,M00021,Midwest,physical
T00047,M00068,Midwest,physical
T00048,M00008,West,physical
T00049,M00032,West,physical
T00050,M00074,Midwest,physical
T00051,M00009,Northeast,physical
T00052,M00007,Northeast,physical
T00053,M00048,West,online_gateway
T00054,M00050,South,physical
T00055,M00005,West,physical
T00056,M00079,Northeast,physical
T00057,M00012,West,online_gateway
T00058,M00054,Northeast,online_gateway
T00059,M00007,Northeast,physical
T00060,M00002,South,physical
T00061,M00023,West,online_gateway
T00062,M00039,South,physical
T00063,M00050,South,physical
T00064,M00003,West,online_gateway
T00065,M00046,Northeast,online_gateway
T00066,M00018,South,physical
T00067,M00016,Northeast,physical
T00068,M00060,Midwest,online_gateway
T00069,M00061,West,physical
T00070,M00024,Northeast,physical
T00071,M00020,West,physical
T00072,M00061,West,online_gateway
T00073,M00006,Midwest,online_gateway
T00074,M00009,Northeast,online_gateway
T00075,M00077,Northeast,physical
T00076,M00028,West,physical
T00077,M00062,West,online_gateway
T00078,M00002,South,physical
T00079,M00077,Northeast,physical
T00080,M00030,South,online_gateway
T00081,M00073,West,physical
T00082,M00016,Northeast,physical
T00083,M00058,West,physical
T00084,M00061,West,online_gateway
T00085,M00049,South,online_gateway
T00086,M00077,Northeast,physical
T00087,M00080,South,physical
T00088,M00003,West,physical
T00089,M00023,West,physical
T00090,M00051,Northeast,online_gateway
T00091,M00004,West,online_gateway
T00092,M00074,Midwest,physical
T00093,M00054,Northeast,physical
T00094,M00036,Midwest,physical
T00095,M00023,West,physical
T00096,M00016,Northeast,physical
T00097,M00064,Midwest,online_gateway
T00098,M00006,Midwest,physical
T00099,M00078,Northeast,online_gateway
T00100,M00050,South,physical
T00101,M00054,Northeast,online_gateway
T00102,M00024,Northeast,physical
T00103,M00060,Midwest,physical
T00104,M00014,Northeast,physical
T00105,M00025,West,physical
T00106,M00020,West,physical
T00107,M00026,West,physical
T00108,M00013,South,physical
T00109,M00010,West,online_gateway
T00110,M00003,West,physical
T00111,M00018,South,physical
T00112,M00042,West,online_gateway
T00113,M00020,West,online_gateway
T00114,M00071,South,physical
T00115,M00060,Midwest,physical
T00116,M00004,West,online_gateway
T00117,M00068,Midwest,physical
T00118,M00021,Midwest,physical
T00119,M00023,West,physical
T00120,M00048,West,online_gateway

