Terminal_ID,Merchant_ID,Transaction_Count,Distinct_Customers,Distinct_Days,Total_Amount,Customers_Per_Transaction
T00330,M00015,499,38,60,45841.14,0.0762
T00874,M00038,611,31,60,63811.12,0.0507
T00915,M00196,218,31,56,19489.59,0.1422
T01144,M00247,569,30,60,67981.74,0.0527
T00772,M00257,520,29,60,51665.78,0.0558
T00609,M00667,492,29,60,59424.0,0.0589
T00456,M00549,505,28,60,49946.19,0.0554
T00922,M00394,500,28,60,68726.11,0.056
T00783,M00077,348,28,59,34323.18,0.0805
T00965,M00475,259,28,59,17566.49,0.1081
T00723,M00077,564,27,60,56295.6,0.0479
T01044,M00055,555,27,60,49175.78,0.0486
T00324,M00365,382,27,60,33138.83,0.0707
T00812,M00123,528,26,60,64319.01,0.0492
T01036,M00074,519,26,60,50620.48,0.0501
T00189,M00414,482,26,60,58027.96,0.0539
T01174,M00587,419,26,60,32536.06,0.0621
T00737,M00094,678,25,60,79997.2,0.0369
T00070,M00335,594,25,60,71632.11,0.0421
T01188,M00594,587,25,60,93146.75,0.0426
T00583,M00282,543,25,60,67856.95,0.046
T00753,M00153,492,25,60,53694.3,0.0508
T00746,M00318,464,25,60,61539.73,0.0539
T00928,M00412,410,25,60,65150.11,0.061
T00058,M00184,390,25,60,43764.15,0.0641
T00601,M00763,388,25,60,28949.15,0.0644
T00313,M00767,360,25,60,19813.45,0.0694
T01082,M00276,359,25,60,26663.46,0.0696
T00362,M00289,346,25,59,21422.19,0.0723
T00749,M00447,334,25,60,38400.23,0.0749
T00022,M00166,273,25,60,23635.13,0.0916
T00134,M00649,273,25,59,30135.07,0.0916
T00670,M00471,438,24,59,56312.03,0.0548
T00254,M00020,398,24,60,42594.82,0.0603
T00331,M00613,397,24,60,59611.33,0.0605
T00018,M00788,371,24,60,41572.55,0.0647
T00548,M00109,371,24,60,58091.19,0.0647
T00256,M00187,356,24,60,38408.55,0.0674
T00208,M00345,353,24,59,25907.54,0.068
T00739,M00791,351,24,60,39735.75,0.0684
T00194,M00022,345,24,60,26029.33,0.0696
T00135,M00703,324,24,60,27087.37,0.0741
T00852,M00613,295,24,59,28001.79,0.0814
T00442,M00368,235,24,56,23093.5,0.1021
T00044,M00128,206,24,58,28031.2,0.1165
T00517,M00682,200,24,57,22072.44,0.12
T00219,M00608,567,23,60,54761.08,0.0406
T00831,M00453,545,23,60,44557.09,0.0422
T00940,M00453,545,23,60,91950.32,0.0422
T00905,M00645,541,23,60,52014.44,0.0425
T00817,M00005,467,23,60,79943.31,0.0493
T00415,M00580,436,23,60,47745.89,0.0528
T00733,M00365,395,23,60,36175.01,0.0582
T00470,M00607,388,23,60,44079.06,0.0593
T00095,M00372,387,23,60,47765.51,0.0594
T00667,M00478,376,23,60,46780.76,0.0612
T00031,M00031,369,23,60,34632.35,0.0623
T00788,M00092,358,23,60,57416.42,0.0642
T00677,M00460,357,23,59,26994.11,0.0644
T00252,M00296,345,23,60,25369.37,0.0667
T00860,M00154,341,23,60,34534.19,0.0674
T00649,M00557,283,23,59,51787.1,0.0813
T00551,M00620,264,23,60,19606.96,0.0871
T00092,M00786,231,23,60,18710.58,0.0996
T00119,M00585,222,23,60,39938.76,0.1036
T00166,M00668,159,23,55,24110.71,0.1447
T01070,M00264,143,23,55,11143.44,0.1608
T00387,M00207,115,23,55,6190.08,0.2
T01131,M00282,580,22,60,47128.21,0.0379
T00927,M00184,512,22,60,39599.09,0.043
T00589,M00556,495,22,60,64806.57,0.0444
T00686,M00013,464,22,60,48552.8,0.0474
T01001,M00154,449,22,60,76208.21,0.049
T00060,M00262,447,22,60,59704.99,0.0492
T00277,M00244,425,22,60,76609.0,0.0518
T00457,M00768,417,22,60,39667.51,0.0528
T00130,M00020,413,22,60,38916.19,0.0533
T00375,M00342,391,22,60,47834.67,0.0563
T00322,M00068,385,22,60,53883.0,0.0571
T00846,M00544,384,22,60,45746.090000000004,0.0573
T00509,M00211,367,22,60,52204.88,0.0599
T00479,M00484,355,22,60,41946.46,0.062
T00554,M00249,338,22,60,44613.83,0.0651
T00167,M00029,337,22,60,43983.69,0.0653
T00379,M00518,331,22,60,33313.52,0.0665
T01132,M00778,317,22,60,71142.12,0.0694
T00421,M00266,313,22,60,31840.37,0.0703
T00672,M00685,310,22,60,56239.87,0.071
T00196,M00007,263,22,59,26051.02,0.0837
T00623,M00604,246,22,59,17655.22,0.0894
T01012,M00040,242,22,59,15477.97,0.0909
T01063,M00181,214,22,56,15637.03,0.1028
T00072,M00354,206,22,58,20171.07,0.1068
T00620,M00010,180,22,56,9750.39,0.1222
T00152,M00576,158,22,53,18709.79,0.1392
T00761,M00535,158,22,57,9447.19,0.1392
T00985,M00083,149,22,57,11947.45,0.1477
T00762,M00635,50,22,32,3305.83,0.44
T00425,M00295,599,21,60,68157.36,0.0351
T00146,M00779,583,21,60,67213.41,0.036
T00309,M00376,567,21,60,92352.62,0.037
T01134,M00604,542,21,60,79545.73,0.0387
T00728,M00484,493,21,60,64789.04,0.0426
T00181,M00376,487,21,60,38937.27,0.0431
T00389,M00316,454,21,60,61001.88,0.0463
T00304,M00791,452,21,60,78272.36,0.0465
T01142,M00750,437,21,60,35758.39,0.0481
T00967,M00074,430,21,60,46818.44,0.0488
T00757,M00073,428,21,60,34126.53,0.0491
T00536,M00401,400,21,60,20476.420000000002,0.0525
T00756,M00784,396,21,60,51965.11,0.053
T00769,M00601,390,21,60,40198.51,0.0538
T00755,M00691,382,21,59,52815.43,0.055
T00086,M00445,379,21,60,36112.66,0.0554
T00787,M00003,364,21,60,47114.37,0.0577
T00705,M00720,362,21,60,27174.53,0.058
T00112,M00790,357,21,60,55245.77,0.0588
T00668,M00406,346,21,60,38660.87,0.0607
T01179,M00689,342,21,60,29631.53,0.0614
T00701,M00739,338,21,60,55371.44,0.0621
T01091,M00005,336,21,60,34821.53,0.0625
T00057,M00406,335,21,60,24181.3,0.0627
T01013,M00635,324,21,59,20912.47,0.0648
T00809,M00459,323,21,59,19771.76,0.065
T00638,M00613,309,21,60,30282.98,0.068
T00161,M00567,305,21,59,30173.46,0.0689
T00270,M00487,302,21,60,55063.05,0.0695
T00597,M00394,302,21,59,39354.02,0.0695
T00523,M00171,287,21,58,22614.49,0.0732
T00932,M00387,286,21,59,28530.84,0.0734
T00191,M00692,284,21,60,21560.93,0.0739
T00202,M00096,271,21,59,37995.75,0.0775
T00459,M00099,271,21,58,22370.44,0.0775
T01003,M00501,269,21,60,16269.23,0.0781
T00569,M00374,265,21,57,20262.71,0.0792
T00151,M00638,246,21,59,19517.6,0.0854
T00848,M00733,243,21,59,15349.960000000001,0.0864
T00024,M00083,239,21,59,15957.38,0.0879
T01059,M00170,237,21,59,25018.34,0.0886
T00815,M00217,234,21,57,14714.24,0.0897
T00047,M00659,231,21,59,30448.63,0.0909
T00982,M00619,217,21,59,20506.34,0.0968
T01079,M00311,213,21,59,14340.79,0.0986
T00992,M00666,212,21,58,23918.079999999998,0.0991
T00968,M00726,211,21,58,18227.74,0.0995
T00102,M00219,189,21,58,13563.73,0.1111
T01187,M00171,175,21,58,13887.95,0.12
T00114,M00759,122,21,50,14172.28,0.1721
T00929,M00768,117,21,54,12006.76,0.1795
T00742,M00255,100,21,51,7328.89,0.21
T01157,M00588,85,21,49,5452.65,0.2471
T00934,M00205,538,20,60,73996.89,0.0372
T00190,M00574,508,20,60,82913.72,0.0394
T00899,M00738,496,20,60,50829.85,0.0403
T00720,M00023,442,20,59,36351.22,0.0452
T00483,M00342,412,20,60,58867.98,0.0485
T00719,M00592,398,20,60,78494.68000000001,0.0503
T00716,M00087,395,20,60,53988.24,0.0506
T00955,M00001,384,20,60,35130.42,0.0521
T00939,M00130,381,20,59,54287.17,0.0525
T00944,M00168,377,20,60,35255.15,0.0531
T00449,M00613,375,20,60,54858.78,0.0533
T01019,M00567,360,20,60,56747.340000000004,0.0556
T01177,M00288,357,20,60,27964.69,0.056
T01141,M00564,353,20,60,48797.45,0.0567
T00808,M00434,343,20,60,29212.78,0.0583
T01081,M00044,343,20,60,46060.21,0.0583
T00721,M00297,341,20,60,52083.24,0.0587
T00596,M00592,333,20,60,35373.23,0.0601
T00011,M00302,320,20,59,49715.53,0.0625
T01011,M00309,314,20,60,29068.05,0.0637
T01200,M00427,314,20,60,18777.52,0.0637
T00774,M00009,310,20,59,18694.18,0.0645
T00080,M00740,304,20,60,49457.57,0.0658
T01074,M00130,298,20,60,19612.51,0.0671
T01016,M00634,296,20,60,33695.15,0.0676
T01092,M00517,292,20,60,27318.94,0.0685
T00288,M00326,289,20,60,26560.32,0.0692
T00206,M00094,288,20,60,22251.420000000002,0.0694
T01087,M00271,288,20,58,28772.11,0.0694
T01026,M00380,269,20,60,24560.48,0.0743
T01111,M00231,268,20,58,26907.33,0.0746
T00730,M00378,266,20,59,23622.91,0.0752
T00105,M00442,263,20,57,39101.43,0.076
T00106,M00423,246,20,59,72048.9,0.0813
T00251,M00327,224,20,59,20747.52,0.0893
T00666,M00301,217,20,59,14318.48,0.0922
T00141,M00661,214,20,57,19950.31,0.0935
T00613,M00800,188,20,57,11359.82,0.1064
T00462,M00151,169,20,58,19710.03,0.1183
T01171,M00790,168,20,58,20839.03,0.119
T00766,M00042,164,20,53,18862.91,0.122
T01078,M00413,164,20,53,13466.86,0.122
T00790,M00301,159,20,58,13841.34,0.1258
T00046,M00488,151,20,55,10746.14,0.1325
T01098,M00169,129,20,52,12054.3,0.155
T00412,M00400,93,20,48,5359.91,0.2151
T00722,M00172,516,19,60,93425.63,0.0368
T00163,M00295,459,19,60,50926.8,0.0414
T00192,M00372,424,19,60,85797.38,0.0448
T00582,M00758,418,19,60,92526.12,0.0455
T01130,M00378,411,19,60,38291.57,0.0462
T00948,M00067,408,19,60,62901.26,0.0466
T01176,M00379,402,19,60,34269.12,0.0473
T01052,M00793,397,19,60,40181.49,0.0479
T00714,M00486,395,19,60,20989.57,0.0481
T00096,M00110,394,19,60,44115.34,0.0482
T00065,M00736,381,19,59,43131.12,0.0499
T00473,M00270,380,19,60,28198.51,0.05
T00223,M00556,374,19,60,42518.21,0.0508
T00650,M00712,372,19,60,39160.91,0.0511
T01086,M00148,360,19,60,62326.61,0.0528
T00126,M00192,358,19,60,40457.65,0.0531
T01143,M00430,355,19,60,40840.04,0.0535
T01025,M00640,348,19,60,33314.37,0.0546
T00679,M00700,336,19,60,36292.46,0.0565
T00798,M00192,336,19,60,36729.7,0.0565
T00771,M00692,330,19,59,24983.6,0.0576
T00530,M00077,311,19,59,44930.58,0.0611
T00291,M00253,308,19,60,47139.37,0.0617
T00363,M00690,301,19,60,53008.59,0.0631
T00052,M00585,298,19,60,21202.55,0.0638
T00303,M00797,292,19,60,30808.85,0.0651
T00610,M00482,284,19,60,44879.66,0.0669
T01083,M00626,270,19,58,42174.44,0.0704
T00588,M00600,267,19,60,22088.5,0.0712
T00562,M00270,266,19,60,25432.66,0.0714
T00916,M00309,260,19,60,24683.86,0.0731
T00952,M00410,253,19,58,16965.19,0.0751
T00818,M00167,241,19,58,25260.27,0.0788
T00355,M00460,239,19,60,13629.67,0.0795
T00717,M00052,236,19,58,34665.11,0.0805
T00346,M00193,232,19,58,19409.13,0.0819
T00499,M00382,231,19,60,24151.51,0.0823
T00646,M00135,230,19,58,39157.35,0.0826
T00268,M00789,215,19,58,26371.78,0.0884
T01046,M00321,211,19,59,25811.96,0.09
T01126,M00403,208,19,58,11246.34,0.0913
T01006,M00213,206,19,58,13180.01,0.0922
T00660,M00787,203,19,59,14011.74,0.0936
T00311,M00720,199,19,57,13775.78,0.0955
T00157,M00143,196,19,58,11575.71,0.0969
T00654,M00067,187,19,57,13948.3,0.1016
T00734,M00200,186,19,57,36720.29,0.1022
T00696,M00754,181,19,55,13579.0,0.105
T00177,M00181,180,19,56,8725.24,0.1056
T01197,M00224,180,19,58,20114.4,0.1056
T00477,M00524,174,19,57,68425.3,0.1092
T00411,M00771,165,19,53,13662.9,0.1152
T00512,M00742,164,19,56,22670.41,0.1159
T00094,M00329,160,19,55,11257.49,0.1188
T00674,M00347,154,19,55,10911.9,0.1234
T00711,M00146,146,19,56,9478.67,0.1301
T00394,M00731,141,19,57,7558.41,0.1348
T01053,M00281,124,19,50,10177.25,0.1532
T00128,M00139,103,19,50,6797.11,0.1845
T00611,M00273,82,19,46,6562.49,0.2317
T00543,M00264,76,19,48,5428.0199999999995,0.25
T00549,M00261,72,19,40,5668.71,0.2639
T00882,M00513,62,19,42,4118.33,0.3065
T00413,M00753,496,18,60,44022.79,0.0363
T00088,M00298,417,18,60,70176.53,0.0432
T00286,M00051,416,18,60,54641.44,0.0433
T01185,M00323,408,18,60,59809.14,0.0441
T00614,M00717,404,18,60,65136.18,0.0446
T00895,M00119,396,18,60,33579.24,0.0455
T00371,M00547,378,18,60,16446.14,0.0476
T00822,M00090,378,18,58,45699.2,0.0476
T01155,M00184,375,18,60,49214.82,0.048
T00261,M00533,366,18,60,45396.57,0.0492
T01084,M00051,361,18,60,50478.92,0.0499
T00237,M00524,356,18,60,59136.06,0.0506
T00265,M00481,344,18,60,30899.2,0.0523
T00307,M00034,324,18,60,54144.94,0.0556
T00321,M00038,318,18,60,38808.95,0.0566
T00703,M00669,310,18,60,32953.98,0.0581
T01124,M00278,309,18,60,30236.18,0.0583
T00617,M00183,308,18,60,24230.51,0.0584
T00201,M00542,298,18,60,26434.99,0.0604
T00169,M00070,293,18,60,27515.579999999998,0.0614
T01180,M00604,287,18,58,18387.43,0.0627
T00731,M00294,285,18,59,27355.21,0.0632
T00264,M00428,284,18,59,26649.43,0.0634
T01138,M00345,278,18,58,24008.73,0.0647
T00335,M00367,277,18,59,24681.15,0.065
T00110,M00675,273,18,60,41585.2,0.0659
T00218,M00486,271,18,58,31727.91,0.0664
T01105,M00012,266,18,60,33515.659999999996,0.0677
T01175,M00562,266,18,60,23787.3,0.0677
T01061,M00391,264,18,60,28562.8,0.0682
T00370,M00285,263,18,60,20191.33,0.0684
T00471,M00294,259,18,59,15502.31,0.0695
T00209,M00387,257,18,60,17021.78,0.07
T00522,M00228,245,18,60,18644.63,0.0735
T00694,M00477,238,18,59,33811.65,0.0756
T00745,M00019,237,18,60,24646.63,0.0759
T00085,M00524,234,18,60,40807.17,0.0769
T00172,M00128,233,18,58,43826.08,0.0773
T00443,M00212,233,18,59,50616.06,0.0773
T00960,M00398,233,18,59,25541.89,0.0773
T00381,M00137,232,18,59,43914.94,0.0776
T00633,M00208,228,18,59,13489.53,0.0789
T00301,M00528,214,18,57,9199.7,0.0841
T00139,M00437,213,18,58,22795.31,0.0845
T00081,M00544,208,18,59,20467.15,0.0865
T00627,M00064,205,18,60,17205.71,0.0878
T00113,M00614,204,18,60,15303.12,0.0882
T01172,M00048,200,18,59,12709.07,0.09
T01020,M00494,197,18,58,32531.08,0.0914
T01109,M00301,197,18,59,23131.02,0.0914
T00743,M00657,195,18,58,14933.53,0.0923
T00862,M00663,193,18,59,15089.72,0.0933
T00956,M00331,192,18,56,25071.08,0.0938
T00116,M00481,190,18,58,10708.95,0.0947
T00864,M00782,190,18,58,19712.03,0.0947
T00284,M00454,185,18,56,14339.04,0.0973
T00571,M00796,182,18,57,11995.06,0.0989
T00344,M00745,177,18,57,21592.02,0.1017
T01190,M00341,177,18,53,18704.82,0.1017
T00496,M00275,176,18,57,17103.24,0.1023
T00889,M00395,176,18,57,12543.97,0.1023
T00630,M00724,175,18,59,17326.72,0.1029
T00920,M00408,161,18,57,13246.62,0.1118
T00302,M00687,159,18,55,10836.73,0.1132
T00490,M00185,157,18,54,12844.13,0.1146
T00327,M00583,155,18,55,20233.53,0.1161
T00164,M00196,152,18,53,13260.93,0.1184
T00937,M00687,151,18,58,16439.25,0.1192
T00224,M00606,148,18,53,19593.47,0.1216
T00038,M00148,138,18,53,12336.15,0.1304
T00505,M00524,132,18,50,6575.51,0.1364
T01040,M00011,125,18,52,13286.99,0.144
T00136,M00494,120,18,52,17313.62,0.15
T01128,M00424,110,18,54,14420.24,0.1636
T00975,M00206,109,18,52,27868.16,0.1651
T01162,M00254,98,18,50,4072.69,0.1837
T00319,M00008,86,18,49,5597.72,0.2093
T00452,M00546,84,18,45,4990.36,0.2143
T00098,M00483,50,18,34,5121.85,0.36
T01147,M00056,494,17,60,89586.63,0.0344
T00777,M00313,438,17,60,43995.65,0.0388
T00027,M00608,435,17,60,65721.91,0.0391
T00051,M00676,425,17,60,45626.31,0.04
T01108,M00285,419,17,60,83466.28,0.0406
T00847,M00338,413,17,60,41354.92,0.0412
T00606,M00535,411,17,60,39781.76,0.0414
T00133,M00434,409,17,60,53267.82,0.0416
T00064,M00712,391,17,60,33576.66,0.0435
T00481,M00108,389,17,60,33687.8,0.0437
T00439,M00040,385,17,60,78287.77,0.0442
T00306,M00077,370,17,60,34128.64,0.0459
T00013,M00052,367,17,60,46244.82,0.0463
T00403,M00416,356,17,60,52094.56,0.0478
T00488,M00507,345,17,60,53972.88,0.0493
T00174,M00433,343,17,59,24311.39,0.0496
T00397,M00191,337,17,60,41482.82,0.0504
T00407,M00600,333,17,60,36493.94,0.0511
T00854,M00133,320,17,60,35153.66,0.0531
T00493,M00699,317,17,59,36315.04,0.0536
T00595,M00195,309,17,60,19235.04,0.055
T00295,M00054,305,17,60,43457.97,0.0557
T00467,M00378,302,17,60,28014.45,0.0563
T00541,M00517,299,17,60,26316.22,0.0569
T00441,M00191,297,17,58,26567.84,0.0572
T00132,M00046,275,17,60,29756.22,0.0618
T00241,M00400,275,17,60,28024.12,0.0618
T00844,M00222,274,17,60,18221.84,0.062
T00995,M00610,273,17,60,28198.28,0.0623
T00127,M00326,271,17,59,17020.07,0.0627
T00053,M00706,270,17,60,18167.48,0.063
T01113,M00330,266,17,59,23522.32,0.0639
T00129,M00696,259,17,58,31173.61,0.0656
T00406,M00021,259,17,60,22582.97,0.0656
T01139,M00679,259,17,58,31534.79,0.0656
T00267,M00391,256,17,60,24790.22,0.0664
T00247,M00198,255,17,60,27913.02,0.0667
T00974,M00412,251,17,60,35395.63,0.0677
T00535,M00259,249,17,59,14758.32,0.0683
T00560,M00615,248,17,59,35265.8,0.0685
T00220,M00743,242,17,60,20517.44,0.0702
T00501,M00511,240,17,60,25399.99,0.0708
T00475,M00528,234,17,59,26275.489999999998,0.0726
T01099,M00638,230,17,56,17041.25,0.0739
T00487,M00655,226,17,59,19109.01,0.0752
T01030,M00675,225,17,59,16801.02,0.0756
T00775,M00679,222,17,59,19640.81,0.0766
T01097,M00650,222,17,59,21020.65,0.0766
T00506,M00501,219,17,56,14922.74,0.0776
T00801,M00661,217,17,60,34333.78,0.0783
T01085,M00409,217,17,60,13083.34,0.0783
T00684,M00304,216,17,59,17601.39,0.0787
T00351,M00328,210,17,59,13528.06,0.081
T00444,M00409,206,17,56,14760.58,0.0825
T00055,M00526,199,17,57,15810.55,0.0854
T00503,M00795,197,17,57,19409.14,0.0863
T00368,M00325,196,17,57,10685.0,0.0867
T01181,M00036,196,17,55,21503.74,0.0867
T00713,M00442,194,17,58,25225.86,0.0876
T00002,M00738,191,17,58,38809.34,0.089
T00071,M00476,190,17,59,17959.66,0.0895
T00767,M00179,189,17,58,11301.45,0.0899
T00926,M00295,188,17,59,23203.83,0.0904
T00149,M00598,186,17,57,20745.72,0.0914
T00222,M00778,184,17,53,17711.42,0.0924
T00907,M00118,180,17,58,20778.24,0.0944
T00428,M00645,173,17,58,16806.62,0.0983
T01095,M00305,170,17,57,11322.4,0.1
T00430,M00430,169,17,57,14197.25,0.1006
T00641,M00109,169,17,57,21620.12,0.1006
T00089,M00743,166,17,58,32525.84,0.1024
T00131,M00503,158,17,56,10550.869999999999,0.1076
T00580,M00718,157,17,57,18200.97,0.1083
T00618,M00708,157,17,56,27105.73,0.1083
T00519,M00038,150,17,57,8201.68,0.1133
T00690,M00646,144,17,57,8325.53,0.1181
T00843,M00052,139,17,54,8106.83,0.1223
T01100,M00712,139,17,52,17186.99,0.1223
T00030,M00343,137,17,57,11217.57,0.1241
T00642,M00213,137,17,52,23161.76,0.1241
T01034,M00550,137,17,57,9164.7,0.1241
T00010,M00695,132,17,50,14467.07,0.1288
T00917,M00493,131,17,54,7997.05,0.1298
T00245,M00639,130,17,54,14020.85,0.1308
T00029,M00163,128,17,47,11348.43,0.1328
T01051,M00399,119,17,48,30541.77,0.1429
T00281,M00493,116,17,50,10785.9,0.1466
T00233,M00382,115,17,51,19407.15,0.1478
T00578,M00716,110,17,50,13364.37,0.1545
T00525,M00641,107,17,52,6772.37,0.1589
T00748,M00199,102,17,48,7520.51,0.1667
T01069,M00368,87,17,49,5605.21,0.1954
T00054,M00537,83,17,46,3859.29,0.2048
T00204,M00459,462,16,60,79907.96,0.0346
T00422,M00504,432,16,60,50679.9,0.037
T00336,M00244,429,16,60,34630.73,0.0373
T00329,M00452,425,16,60,59076.29,0.0376
T00823,M00745,417,16,60,64483.56,0.0384
T00981,M00168,399,16,60,80493.92,0.0401
T00587,M00679,395,16,60,90005.96,0.0405
T01055,M00507,381,16,60,72343.16,0.042
T01038,M00761,369,16,60,63312.49,0.0434
T00337,M00661,367,16,60,99566.20999999999,0.0436
T00037,M00640,357,16,60,53136.41,0.0448
T00117,M00417,348,16,60,34173.97,0.046
T00402,M00798,341,16,60,60903.38,0.0469
T00904,M00294,337,16,60,43574.63,0.0475
T00830,M00022,334,16,59,41480.69,0.0479
T00998,M00262,333,16,60,25708.65,0.048
T00017,M00248,331,16,60,19347.48,0.0483
T00378,M00353,324,16,60,54562.28,0.0494
T01119,M00050,323,16,59,32009.52,0.0495
T00176,M00231,306,16,59,42102.74,0.0523
T00232,M00674,306,16,59,48005.68,0.0523
T01067,M00615,298,16,60,41561.82,0.0537
T00409,M00706,289,16,60,38635.5,0.0554
T00605,M00240,286,16,60,25038.97,0.0559
T00910,M00084,284,16,58,48691.3,0.0563
T00726,M00398,282,16,59,54913.97,0.0567
T01101,M00596,276,16,60,31313.17,0.058
T00008,M00386,264,16,60,34251.63,0.0606
T00250,M00148,262,16,59,30921.38,0.0611
T01039,M00193,262,16,60,26917.64,0.0611
T01072,M00253,260,16,59,20421.07,0.0615
T01151,M00326,260,16,59,26588.83,0.0615
T00207,M00369,251,16,59,22830.69,0.0637
T00752,M00433,241,16,59,22012.52,0.0664
T00195,M00366,236,16,60,25813.2,0.0678
T00144,M00439,235,16,58,42396.24,0.0681
T00531,M00517,235,16,57,25579.38,0.0681
T00969,M00623,234,16,59,27962.19,0.0684
T00036,M00586,232,16,59,29972.12,0.069
T00356,M00270,227,16,60,32723.1,0.0705
T00850,M00002,222,16,59,13361.65,0.0721
T00404,M00788,221,16,59,34421.54,0.0724
T00464,M00782,214,16,60,55771.28,0.0748
T00725,M00587,209,16,60,36081.45,0.0766
T01009,M00489,209,16,59,24429.63,0.0766
T00873,M00215,204,16,58,11970.380000000001,0.0784
T00188,M00191,203,16,59,18437.37,0.0788
T00586,M00112,200,16,60,17271.11,0.08
T00656,M00040,200,16,55,38244.39,0.08
T00780,M00500,194,16,56,11493.57,0.0825
T00445,M00766,192,16,57,22002.23,0.0833
T00542,M00631,191,16,58,20640.47,0.0838
T00178,M00280,190,16,54,20621.22,0.0842
T00365,M00789,185,16,57,17500.11,0.0865
T00555,M00159,184,16,59,9927.54,0.087
T00594,M00087,181,16,58,11818.21,0.0884
T00234,M00018,176,16,55,18044.64,0.0909
T00253,M00642,176,16,57,10682.12,0.0909
T00688,M00598,174,16,57,15532.91,0.092
T00242,M00457,173,16,58,10927.68,0.0925
T00866,M00716,172,16,59,15997.02,0.093
T00971,M00409,172,16,57,10831.03,0.093
T00805,M00559,169,16,55,10222.03,0.0947
T00559,M00566,165,16,59,45736.38,0.097
T00994,M00216,154,16,55,17286.91,0.1039
T00423,M00550,151,16,57,7650.83,0.106
T00091,M00033,150,16,55,11848.25,0.1067
T00898,M00696,150,16,56,15948.03,0.1067
T00352,M00380,145,16,53,19618.74,0.1103
T00878,M00267,145,16,55,9468.34,0.1103
T00342,M00311,141,16,56,7295.6,0.1135
T00879,M00030,133,16,52,6942.16,0.1203
T00369,M00560,130,16,53,12554.43,0.1231
T00516,M00698,129,16,53,12507.05,0.124
T00598,M00157,126,16,54,11206.14,0.127
T00227,M00271,124,16,54,8312.83,0.129
T00800,M00001,124,16,53,11023.04,0.129
T00121,M00497,122,16,55,11443.52,0.1311
T00510,M00662,121,16,50,7581.53,0.1322
T00931,M00503,118,16,50,8544.69,0.1356
T01049,M00709,117,16,54,11448.67,0.1368
T01183,M00137,116,16,51,12851.16,0.1379
T00100,M00596,111,16,53,16099.87,0.1441
T00779,M00497,105,16,53,6508.16,0.1524
T00833,M00652,105,16,46,9840.25,0.1524
T01136,M00788,102,16,49,6113.0599999999995,0.1569
T00637,M00575,97,16,44,11085.73,0.1649
T00388,M00338,95,16,47,6285.27,0.1684
T00991,M00200,93,16,47,6911.18,0.172
T00793,M00624,92,16,44,6567.14,0.1739
T01066,M00098,89,16,51,6158.31,0.1798
T01024,M00681,78,16,42,6448.75,0.2051
T00661,M00605,76,16,40,4588.47,0.2105
T00453,M00368,70,16,45,5771.76,0.2286
T00729,M00534,69,16,43,4437.54,0.2319
T00841,M00594,68,16,41,6161.53,0.2353
T00886,M00789,67,16,44,3135.8,0.2388
T00420,M00732,59,16,37,4977.67,0.2712
T01094,M00701,47,16,36,3427.72,0.3404
T00925,M00624,45,16,31,3164.92,0.3556
T00273,M00336,34,16,27,2986.59,0.4706
T00735,M00310,16,16,15,1815.3200000000002,1.0
T00078,M00087,482,15,60,70871.64,0.0311
T00354,M00784,449,15,60,62689.23,0.0334
T01015,M00111,406,15,60,34657.53,0.0369
T00504,M00227,403,15,60,43148.87,0.0372
T00651,M00223,392,15,60,37553.81,0.0383
T00108,M00023,387,15,60,38965.26,0.0388
T00996,M00769,380,15,60,74173.56,0.0395
T00367,M00232,357,15,60,86673.72,0.042
T00150,M00320,350,15,60,50760.28,0.0429
T00039,M00160,341,15,60,37115.87,0.044
T00546,M00042,332,15,60,27533.59,0.0452
T00869,M00668,316,15,60,49347.53,0.0475
T00585,M00620,312,15,60,29975.7,0.0481
T00804,M00737,310,15,59,37439.76,0.0484
T00572,M00341,308,15,59,47184.84,0.0487
T01168,M00183,306,15,60,66462.08,0.049
T00153,M00698,305,15,59,58675.53,0.0492
T00463,M00552,295,15,60,31024.85,0.0508
T00811,M00231,287,15,60,21389.97,0.0523
T00602,M00552,280,15,59,21095.25,0.0536
T00897,M00131,277,15,59,49167.62,0.0542
T00593,M00412,270,15,59,25925.13,0.0556
T00083,M00715,269,15,59,33464.4,0.0558
T00590,M00080,265,15,60,24430.99,0.0566
T00802,M00351,262,15,60,65689.01,0.0573
T00087,M00304,261,15,60,35087.41,0.0575
T00528,M00398,260,15,59,37410.13,0.0577
T00759,M00162,260,15,60,44870.95,0.0577
T00124,M00772,251,15,58,23151.92,0.0598
T00292,M00633,245,15,59,11269.65,0.0612
T00827,M00305,245,15,59,18141.29,0.0612
T00215,M00352,242,15,59,46602.94,0.062
T00702,M00376,237,15,59,31573.09,0.0633
T00148,M00760,236,15,58,53906.44,0.0636
T00747,M00239,235,15,60,19604.18,0.0638
T01104,M00578,235,15,58,35689.24,0.0638
T01023,M00315,231,15,57,24399.87,0.0649
T01156,M00687,226,15,58,56977.43,0.0664
T00751,M00393,224,15,59,20283.31,0.067
T00513,M00435,220,15,58,22706.5,0.0682
T00993,M00036,215,15,58,21794.7,0.0698
T00090,M00484,211,15,58,46020.2,0.0711
T00145,M00588,211,15,57,28616.87,0.0711
T00340,M00490,211,15,59,15176.48,0.0711
T00348,M00555,206,15,58,21762.72,0.0728
T00359,M00566,201,15,57,45865.49,0.0746
T00951,M00682,199,15,56,9042.47,0.0754
T00829,M00726,196,15,57,12888.88,0.0765
T00399,M00561,195,15,58,14460.14,0.0769
T00576,M00795,193,15,58,11731.76,0.0777
T00839,M00023,192,15,58,38887.21,0.0781
T00699,M00127,187,15,57,13465.62,0.0802
T00639,M00507,186,15,57,30924.969999999998,0.0806
T01054,M00055,186,15,57,15366.06,0.0806
T01064,M00509,181,15,57,23249.56,0.0829
T00312,M00002,177,15,58,19935.55,0.0847
T00856,M00706,174,15,57,10899.34,0.0862
T00162,M00547,173,15,57,18438.75,0.0867
T00834,M00675,172,15,55,13104.79,0.0872
T00384,M00299,170,15,58,35083.61,0.0882
T00724,M00531,170,15,59,15332.26,0.0882
T00794,M00570,170,15,55,12488.72,0.0882
T00687,M00693,165,15,57,6682.03,0.0909
T01150,M00190,159,15,57,17673.0,0.0943
T00836,M00675,155,15,57,19719.06,0.0968
T01117,M00299,155,15,59,9609.89,0.0968
T01173,M00540,153,15,56,16089.31,0.098
T00360,M00400,149,15,56,14783.55,0.1007
T01140,M00416,149,15,55,22621.21,0.1007
T00680,M00347,146,15,56,10481.5,0.1027
T00142,M00448,135,15,53,30951.47,0.1111
T00837,M00198,135,15,53,8255.5,0.1111
T00591,M00191,133,15,53,10857.18,0.1128
T00697,M00156,130,15,56,10610.25,0.1154
T00434,M00560,129,15,55,11339.66,0.1163
T00417,M00668,126,15,56,10869.789999999999,0.119
T00628,M00423,124,15,51,11529.69,0.121
T00629,M00781,123,15,52,17670.86,0.122
T00913,M00182,122,15,51,10444.28,0.123
T00682,M00397,120,15,56,10167.42,0.125
T00792,M00343,120,15,47,21067.77,0.125
T00436,M00382,118,15,51,14774.43,0.1271
T00923,M00318,116,15,55,5504.97,0.1293
T00408,M00473,114,15,52,6315.6900000000005,0.1316
T00450,M00708,111,15,51,13147.7,0.1351
T00262,M00740,105,15,49,13080.47,0.1429
T01017,M00473,105,15,52,6679.97,0.1429
T00364,M00037,104,15,50,5724.97,0.1442
T00853,M00696,104,15,47,6671.7,0.1442
T01047,M00049,102,15,51,19668.79,0.1471
T00382,M00497,83,15,49,6153.43,0.1807
T00858,M00281,83,15,44,5586.58,0.1807
T00271,M00049,82,15,46,14802.61,0.1829
T00900,M00120,80,15,40,4061.67,0.1875
T00255,M00745,77,15,46,4498.0,0.1948
T00537,M00536,75,15,42,8067.28,0.2
T00316,M00214,72,15,41,4610.12,0.2083
T00764,M00553,71,15,40,6875.15,0.2113
T00894,M00560,70,15,40,5165.69,0.2143
T01120,M00230,67,15,48,3559.53,0.2239
T00676,M00165,55,15,38,9546.29,0.2727
T00217,M00530,49,15,34,2177.0,0.3061
T00768,M00189,32,15,29,1976.28,0.4688
T00797,M00106,15,15,12,1438.6499999999999,1.0
T00954,M00091,458,14,60,54182.97,0.0306
T00239,M00393,444,14,60,98923.79,0.0315
T01060,M00798,383,14,60,63271.81,0.0366
T00155,M00645,373,14,60,52412.63,0.0375
T00806,M00243,351,14,60,35474.67,0.0399
T00101,M00452,337,14,60,58333.8,0.0415
T00107,M00048,327,14,60,40555.44,0.0428
T00785,M00758,319,14,60,22621.48,0.0439
T00418,M00797,315,14,60,57521.46,0.0444
T00795,M00459,314,14,59,33952.74,0.0446
T00210,M00007,306,14,60,48435.34,0.0458
T00557,M00082,306,14,60,69242.95,0.0458
T00647,M00517,303,14,60,44608.99,0.0462
T00564,M00443,300,14,60,28748.96,0.0467
T00568,M00191,299,14,59,56307.8,0.0468
T00890,M00767,295,14,59,34440.75,0.0475
T00049,M00205,291,14,60,22943.63,0.0481
T00669,M00782,276,14,60,42743.81,0.0507
T00997,M00797,275,14,59,38966.78,0.0509
T00901,M00377,273,14,59,19755.74,0.0513
T00125,M00122,268,14,59,19990.3,0.0522
T00518,M00277,263,14,60,17987.13,0.0532
T00851,M00271,260,14,60,19767.72,0.0538
T00999,M00756,260,14,60,48741.41,0.0538
T01048,M00693,251,14,58,20417.0,0.0558
T00183,M00745,248,14,59,30305.19,0.0565
T01018,M00093,247,14,59,27406.12,0.0567
T00332,M00487,244,14,59,27941.59,0.0574
T00274,M00500,240,14,57,49267.55,0.0583
T00025,M00470,236,14,58,32604.45,0.0593
T00203,M00695,235,14,60,36524.52,0.0596
T00584,M00731,234,14,57,17964.61,0.0598
T00168,M00521,229,14,59,35645.9,0.0611
T00545,M00054,228,14,59,18900.5,0.0614
T01123,M00691,223,14,60,27871.52,0.0628
T00466,M00737,221,14,57,13694.1,0.0633
T00683,M00068,214,14,59,17563.6,0.0654
T01021,M00533,205,14,59,12396.32,0.0683
T00278,M00127,203,14,58,15831.23,0.069
T00414,M00125,203,14,57,30862.67,0.069
T00908,M00615,201,14,59,45786.27,0.0697
T00184,M00476,200,14,57,14630.98,0.07
T00067,M00286,199,14,57,14839.26,0.0704
T00050,M00037,197,14,57,20716.63,0.0711
T01145,M00039,197,14,59,34706.78,0.0711
T00663,M00377,195,14,56,15325.32,0.0718
T00212,M00573,194,14,57,12086.03,0.0722
T00563,M00342,192,14,58,12828.01,0.0729
T00678,M00420,188,14,60,12775.85,0.0745
T00349,M00397,187,14,59,39313.29,0.0749
T00447,M00292,187,14,59,15013.95,0.0749
T00706,M00131,187,14,57,23711.14,0.0749
T00043,M00253,181,14,58,11604.16,0.0773
T00385,M00438,180,14,57,16510.45,0.0778
T01008,M00684,180,14,57,33571.08,0.0778
T00228,M00784,173,14,53,10601.85,0.0809
T00849,M00635,173,14,60,13475.98,0.0809
T01080,M00401,172,14,57,13957.62,0.0814
T00266,M00376,170,14,57,13099.16,0.0824
T00826,M00019,167,14,56,19656.66,0.0838
T00243,M00324,164,14,56,11936.43,0.0854
T01031,M00764,160,14,55,15549.08,0.0875
T00472,M00117,158,14,57,12798.15,0.0886
T00789,M00012,157,14,56,19399.260000000002,0.0892
T00840,M00790,155,14,55,10527.95,0.0903
T00353,M00502,154,14,55,13135.63,0.0909
T00958,M00461,154,14,56,12158.78,0.0909
T00069,M00251,153,14,56,15629.42,0.0915
T00930,M00129,153,14,57,10146.16,0.0915
T00366,M00511,152,14,56,18306.11,0.0921
T00398,M00553,151,14,56,19260.06,0.0927
T00977,M00454,151,14,53,28234.86,0.0927
T01160,M00345,149,14,56,13285.51,0.094
T00341,M00702,148,14,53,11700.53,0.0946
T01195,M00508,146,14,55,8034.57,0.0959
T00293,M00677,145,14,56,9521.92,0.0966
T00816,M00766,144,14,55,14679.68,0.0972
T00076,M00349,143,14,55,18905.6,0.0979
T00143,M00520,138,14,53,10749.29,0.1014
T00230,M00430,138,14,50,7972.82,0.1014
T00077,M00347,137,14,54,13309.04,0.1022
T00498,M00594,137,14,55,13381.43,0.1022
T00280,M00510,135,14,48,8371.91,0.1037
T00289,M00387,135,14,55,9093.75,0.1037
T00577,M00392,134,14,53,14898.66,0.1045
T00045,M00610,131,14,54,11193.09,0.1069
T00708,M00686,125,14,50,6449.95,0.112
T00740,M00701,125,14,52,4877.34,0.112
T01002,M00616,124,14,52,10007.7,0.1129
T01045,M00255,121,14,54,21324.329999999998,0.1157
T00619,M00251,120,14,51,6476.24,0.1167
T00778,M00125,120,14,52,7614.44,0.1167
T00698,M00445,119,14,53,6388.14,0.1176
T00760,M00392,119,14,58,8118.91,0.1176
T00056,M00179,112,14,50,6520.85,0.125
T00938,M00146,111,14,53,10204.12,0.1261
T00570,M00383,109,14,51,4933.11,0.1284
T00524,M00151,108,14,51,7976.89,0.1296
T00877,M00555,108,14,47,6548.2300000000005,0.1296
T00180,M00560,105,14,46,26182.29,0.1333
T00061,M00171,101,14,46,9154.27,0.1386
T01010,M00616,97,14,48,8698.01,0.1443
T00035,M00611,92,14,49,3792.15,0.1522
T00287,M00107,91,14,40,9465.33,0.1538
T00263,M00716,79,14,44,8294.58,0.1772
T00912,M00230,79,14,45,6234.56,0.1772
T00893,M00711,78,14,42,9675.24,0.1795
T01116,M00673,74,14,42,5052.04,0.1892
T00959,M00057,68,14,39,5121.84,0.2059
T00079,M00400,57,14,35,3364.09,0.2456
T01135,M00250,54,14,40,5450.66,0.2593
T00246,M00641,49,14,35,2930.15,0.2857
T00631,M00319,49,14,34,6917.01,0.2857
T00401,M00258,44,14,28,3388.65,0.3182
T00005,M00775,36,14,23,3223.64,0.3889
T00511,M00775,14,14,12,1437.65,1.0
T01178,M00269,14,14,14,1465.38,1.0
T00738,M00495,304,13,60,34293.94,0.0428
T00182,M00667,301,13,58,56046.35,0.0432
T00004,M00070,300,13,60,27115.19,0.0433
T00884,M00700,299,13,60,30028.91,0.0435
T00028,M00476,294,13,59,23333.52,0.0442
T00964,M00731,252,13,59,27298.01,0.0516
T00059,M00735,250,13,59,16513.86,0.052
T00608,M00268,250,13,58,50253.88,0.052
T00692,M00602,248,13,59,23701.0,0.0524
T01043,M00441,248,13,60,21142.89,0.0524
T00949,M00680,241,13,60,55881.99,0.0539
T01129,M00724,240,13,58,43030.51,0.0542
T00308,M00513,239,13,60,51351.9,0.0544
T00732,M00741,232,13,60,22317.26,0.056
T00527,M00258,225,13,59,40874.37,0.0578
T01192,M00603,220,13,59,11969.71,0.0591
T00871,M00205,218,13,57,18631.31,0.0596
T00339,M00269,217,13,60,39338.58,0.0599
T00575,M00541,216,13,60,14045.86,0.0602
T00460,M00573,215,13,60,15237.68,0.0605
T00120,M00064,214,13,59,21223.47,0.0607
T00489,M00147,214,13,56,13453.97,0.0607
T00776,M00786,214,13,59,27057.42,0.0607
T00213,M00276,210,13,59,40935.41,0.0619
T00634,M00457,203,13,60,23628.36,0.064
T01118,M00302,202,13,57,15628.69,0.0644
T00791,M00239,198,13,58,18120.67,0.0657
T00842,M00670,195,13,54,12203.3,0.0667
T00636,M00560,192,13,57,41305.62,0.0677
T00034,M00494,189,13,57,25663.48,0.0688
T00020,M00168,187,13,55,14316.39,0.0695
T00921,M00045,187,13,59,16350.2,0.0695
T01075,M00309,185,13,56,8060.37,0.0703
T00870,M00770,184,13,58,20399.26,0.0707
T00962,M00385,184,13,58,9507.81,0.0707
T00652,M00069,183,13,56,32540.75,0.071
T00526,M00150,181,13,55,9402.74,0.0718
T00410,M00147,179,13,56,14051.34,0.0726
T00272,M00100,177,13,56,10100.39,0.0734
T01077,M00754,173,13,57,66658.18,0.0751
T00603,M00683,172,13,57,16192.01,0.0756
T00567,M00399,171,13,59,14364.48,0.076
T00709,M00366,168,13,58,10883.81,0.0774
T00947,M00679,167,13,54,21819.43,0.0778
T01164,M00588,166,13,57,45492.31,0.0783
T00318,M00337,161,13,58,10653.66,0.0807
T00573,M00255,160,13,56,21038.31,0.0812
T00170,M00388,157,13,55,29470.71,0.0828
T00550,M00492,156,13,53,16076.83,0.0833
T00314,M00586,152,13,57,12541.34,0.0855
T00624,M00619,144,13,55,16690.62,0.0903
T01032,M00436,142,13,54,8573.15,0.0915
T00041,M00217,141,13,55,17487.75,0.0922
T00626,M00245,141,13,55,18071.66,0.0922
T00533,M00386,140,13,56,14179.53,0.0929
T01158,M00482,139,13,54,12047.22,0.0935
T01107,M00579,138,13,51,15654.33,0.0942
T00084,M00695,135,13,50,17270.65,0.0963
T00648,M00539,135,13,52,10011.03,0.0963
T00741,M00341,134,13,54,8700.21,0.097
T00216,M00431,130,13,57,14780.960000000001,0.1
T00147,M00163,126,13,51,7512.36,0.1032
T00520,M00104,126,13,52,9371.49,0.1032
T00966,M00351,126,13,53,17209.85,0.1032
T00343,M00691,124,13,49,9655.34,0.1048
T00393,M00709,124,13,54,11205.78,0.1048
T00074,M00230,123,13,51,9830.68,0.1057
T00275,M00561,123,13,53,17005.27,0.1057
T00440,M00134,120,13,49,9442.2,0.1083
T00446,M00511,120,13,55,37129.97,0.1083
T00514,M00257,119,13,50,19355.25,0.1092
T00345,M00305,117,13,49,7258.46,0.1111
T00469,M00116,117,13,55,15727.34,0.1111
T01005,M00628,112,13,51,10196.63,0.1161
T01184,M00180,112,13,51,6896.99,0.1161
T00881,M00352,107,13,53,6876.75,0.1215
T00544,M00597,106,13,48,13344.15,0.1226
T00062,M00407,104,13,51,9364.65,0.125
T00707,M00137,103,13,51,14042.52,0.1262
T01194,M00281,103,13,49,7477.27,0.1262
T00770,M00354,92,13,46,7272.3,0.1413
T00565,M00746,90,13,49,7975.2,0.1444
T00820,M00254,84,13,48,4527.7699999999995,0.1548
T00197,M00422,83,13,46,10972.27,0.1566
T01062,M00382,79,13,47,4354.68,0.1646
T01090,M00621,79,13,46,10621.05,0.1646
T00431,M00032,76,13,46,5552.28,0.1711
T00657,M00359,73,13,41,7725.41,0.1781
T00111,M00764,70,13,41,4829.18,0.1857
T00023,M00420,68,13,40,4124.74,0.1912
T01112,M00723,68,13,42,4502.63,0.1912
T01146,M00227,68,13,42,4756.88,0.1912
T00285,M00471,57,13,40,3494.25,0.2281
T00644,M00619,52,13,32,3980.81,0.25
T00736,M00599,48,13,33,2932.95,0.2708
T00961,M00495,48,13,35,4239.27,0.2708
T01153,M00570,39,13,26,1940.21,0.3333
T00885,M00431,34,13,28,2697.78,0.3824
T00953,M00373,13,13,11,1382.1100000000001,1.0
T00972,M00175,13,13,12,1228.07,1.0
T00640,M00450,496,12,60,95447.3,0.0242
T00338,M00147,377,12,60,66257.4,0.0318
T00193,M00219,350,12,60,81242.36,0.0343
T00021,M00445,345,12,60,39956.15,0.0348
T00502,M00663,335,12,60,48354.54,0.0358
T00600,M00338,298,12,59,61157.23,0.0403
T01167,M00173,297,12,60,54435.99,0.0404
T00765,M00303,284,12,60,41148.31,0.0423
T00294,M00225,281,12,60,17316.07,0.0427
T00455,M00763,272,12,60,26962.51,0.0441
T00838,M00446,272,12,59,29876.48,0.0441
T01068,M00211,268,12,60,50259.56,0.0448
T00179,M00402,262,12,59,35930.88,0.0458
T00695,M00513,257,12,60,46972.68,0.0467
T00675,M00305,254,12,59,27765.59,0.0472
T01004,M00283,252,12,59,25479.8,0.0476
T00042,M00618,249,12,60,74571.24,0.0482
T00279,M00288,249,12,59,31189.23,0.0482
T00865,M00265,247,12,60,23092.88,0.0486
T01196,M00378,238,12,59,33765.53,0.0504
T00048,M00376,233,12,58,40130.05,0.0515
T00305,M00392,218,12,59,33461.53,0.055
T00171,M00066,216,12,58,72248.14,0.0556
T00658,M00070,214,12,57,20849.46,0.0561
T01037,M00647,214,12,59,35956.15,0.0561
T00665,M00276,210,12,57,47869.21,0.0571
T00040,M00532,209,12,58,29759.57,0.0574
T00225,M00122,208,12,58,29643.45,0.0577
T01027,M00730,207,12,57,14816.79,0.058
T01114,M00365,199,12,58,11969.88,0.0603
T00941,M00298,192,12,58,15685.11,0.0625
T01127,M00191,190,12,55,30389.49,0.0632
T01163,M00210,183,12,57,8899.04,0.0656
T00819,M00255,179,12,56,27059.01,0.067
T00935,M00270,179,12,56,14876.83,0.067
T00482,M00105,177,12,57,21753.94,0.0678
T00325,M00302,176,12,58,14271.43,0.0682
T00347,M00080,173,12,56,39971.42,0.0694
T00946,M00089,168,12,55,23433.79,0.0714
T00988,M00336,161,12,55,10836.38,0.0745
T00673,M00145,155,12,55,17022.07,0.0774
T00026,M00675,153,12,55,12252.9,0.0784
T00458,M00601,153,12,59,5010.89,0.0784
T01102,M00350,153,12,56,17382.5,0.0784
T00199,M00004,147,12,57,8290.08,0.0816
T00978,M00514,147,12,55,12202.84,0.0816
T01186,M00770,145,12,56,11521.94,0.0828
T00437,M00071,143,12,56,14335.58,0.0839
T00474,M00166,142,12,56,12958.86,0.0845
T00156,M00232,139,12,56,15086.39,0.0863
T00350,M00138,139,12,53,21113.69,0.0863
T00448,M00800,136,12,55,8579.7,0.0882
T00361,M00690,134,12,54,38959.94,0.0896
T00942,M00437,132,12,56,15422.81,0.0909
T00492,M00061,131,12,59,5216.75,0.0916
T00001,M00681,127,12,55,7584.95,0.0945
T00259,M00747,127,12,53,6396.13,0.0945
T01161,M00056,127,12,53,8668.710000000001,0.0945
T00744,M00411,122,12,49,11298.21,0.0984
T00003,M00413,121,12,51,16527.08,0.0992
T00825,M00400,121,12,52,15605.33,0.0992
T00867,M00121,120,12,53,11550.77,0.1
T00400,M00333,117,12,51,12328.36,0.1026
T00821,M00095,117,12,50,8654.9,0.1026
T00625,M00553,113,12,50,4845.18,0.1062
T00786,M00652,113,12,48,11358.4,0.1062
T00165,M00204,110,12,48,8787.2,0.1091
T01165,M00345,110,12,46,6170.38,0.1091
T00358,M00458,109,12,52,7700.86,0.1101
T00317,M00304,105,12,45,7316.95,0.1143
T00334,M00440,105,12,50,13087.02,0.1143
T00782,M00251,100,12,53,8166.36,0.12
T01056,M00193,100,12,53,7282.15,0.12
T00685,M00276,98,12,46,6064.32,0.1224
T01058,M00266,97,12,47,12222.35,0.1237
T00662,M00060,95,12,45,4924.71,0.1263
T00238,M00227,94,12,46,11343.1,0.1277
T01189,M00494,94,12,48,9217.78,0.1277
T00433,M00480,93,12,43,17196.67,0.129
T00807,M00553,93,12,42,26340.84,0.129
T00276,M00399,90,12,47,8513.65,0.1333
T00073,M00526,85,12,48,6311.99,0.1412
T00888,M00681,79,12,47,7156.63,0.1519
T00454,M00028,69,12,38,12773.44,0.1739
T00773,M00510,67,12,43,5908.12,0.1791
T00476,M00721,66,12,40,5715.17,0.1818
T00902,M00054,64,12,35,6652.53,0.1875
T00963,M00390,59,12,35,7729.59,0.2034
T00552,M00581,58,12,37,3071.25,0.2069
T00671,M00216,39,12,23,2686.16,0.3077
T00538,M00214,37,12,28,3355.14,0.3243
T00880,M00225,36,12,27,2031.26,0.3333
T00799,M00737,33,12,24,2137.18,0.3636
T01198,M00602,32,12,23,3438.56,0.375
T00185,M00606,31,12,23,1292.2,0.3871
T00427,M00025,25,12,20,1395.77,0.48
T01182,M00683,22,12,20,2745.82,0.5455
T00235,M00783,12,12,11,2134.7400000000002,1.0
T00861,M00785,12,12,12,1039.5,1.0
T00803,M00194,327,11,60,35759.41,0.0336
T01170,M00211,310,11,60,31172.420000000002,0.0355
T01093,M00094,304,11,60,19776.86,0.0362
T00374,M00587,290,11,59,54280.32,0.0379
T00632,M00139,258,11,60,50192.64,0.0426
T00540,M00085,247,11,59,42786.39,0.0445
T00435,M00516,238,11,60,16716.78,0.0462
T00635,M00040,197,11,58,17967.14,0.0558
T00945,M00761,193,11,57,18563.7,0.057
T00906,M00479,190,11,58,18313.48,0.0579
T00539,M00180,189,11,59,19334.99,0.0582
T00248,M00699,187,11,57,43283.35,0.0588
T00236,M00496,185,11,58,18037.93,0.0595
T01166,M00542,185,11,57,17933.27,0.0595
T00693,M00698,176,11,58,17049.41,0.0625
T00198,M00086,173,11,58,8707.1,0.0636
T01071,M00282,162,11,56,28323.0,0.0679
T00468,M00171,161,11,57,9863.17,0.0683
T01035,M00565,160,11,58,32304.76,0.0688
T00891,M00099,159,11,56,19888.22,0.0692
T00950,M00265,156,11,54,12298.85,0.0705
T00451,M00416,152,11,52,15878.38,0.0724
T00392,M00299,148,11,58,23681.67,0.0743
T00033,M00524,147,11,53,21466.56,0.0748
T00390,M00523,147,11,57,13934.66,0.0748
T00558,M00203,141,11,55,8908.43,0.078
T00986,M00683,140,11,55,6919.66,0.0786
T00159,M00403,139,11,53,8750.48,0.0791
T01193,M00494,130,11,53,24024.86,0.0846
T00299,M00413,128,11,55,29035.02,0.0859
T00599,M00583,128,11,52,28098.89,0.0859
T00615,M00190,126,11,54,28279.579999999998,0.0873
T00175,M00641,124,11,52,6700.78,0.0887
T00173,M00563,122,11,52,13198.39,0.0902
T00700,M00780,119,11,51,19822.25,0.0924
T00508,M00637,116,11,51,12619.15,0.0948
T00691,M00422,116,11,56,9289.3,0.0948
T00438,M00387,113,11,47,12007.31,0.0973
T00491,M00191,111,11,52,7450.92,0.0991
T00109,M00523,107,11,50,14213.29,0.1028
T00515,M00154,104,11,48,21649.09,0.1058
T00066,M00390,103,11,51,5071.2699999999995,0.1068
T00828,M00396,101,11,48,4771.46,0.1089
T00689,M00485,97,11,48,5708.76,0.1134
T00296,M00185,92,11,49,7952.12,0.1196
T00887,M00516,88,11,44,4842.35,0.125
T00258,M00461,86,11,44,4006.03,0.1279
T01033,M00462,86,11,45,5757.64,0.1279
T01106,M00531,84,11,44,9081.98,0.131
T00426,M00343,83,11,50,3694.51,0.1325
T00497,M00281,83,11,45,5054.7699999999995,0.1325
T00140,M00421,66,11,39,3371.11,0.1667
T00478,M00460,66,11,37,4982.69,0.1667
T00357,M00337,64,11,42,2452.03,0.1719
T01065,M00710,57,11,35,5889.96,0.193
T00386,M00255,39,11,25,3052.56,0.2821
T00566,M00454,39,11,29,3628.53,0.2821
T00032,M00355,37,11,29,1771.38,0.2973
T00093,M00662,35,11,30,3919.26,0.3143
T00919,M00033,33,11,25,2805.17,0.3333
T00529,M00019,32,11,28,1851.46,0.3438
T00099,M00023,31,11,26,1738.03,0.3548
T01029,M00107,29,11,22,1437.67,0.3793
T00532,M00092,28,11,24,1708.4,0.3929
T00784,M00796,23,11,20,2396.73,0.4783
T00859,M00760,12,11,11,1445.81,0.9167
T00019,M00502,11,11,11,1257.38,1.0
T00429,M00769,11,11,10,1428.09,1.0
T00653,M00388,11,11,11,1846.6499999999999,1.0
T00973,M00439,11,11,11,886.67,1.0
T00138,M00335,369,10,60,72578.94,0.0271
T00813,M00038,299,10,59,46617.95,0.0334
T00643,M00171,246,10,59,43980.71,0.0407
T01115,M00687,235,10,59,18561.51,0.0426
T00320,M00213,231,10,60,34056.56,0.0433
T00983,M00569,212,10,58,26292.77,0.0472
T01076,M00265,209,10,57,35374.25,0.0478
T00943,M00258,201,10,57,48870.62,0.0498
T00214,M00130,200,10,57,22372.92,0.05
T00154,M00205,196,10,58,25066.06,0.051
T00395,M00689,195,10,56,21508.79,0.0513
T00835,M00293,184,10,58,11774.94,0.0543
T00579,M00123,180,10,59,19097.96,0.0556
T00980,M00394,178,10,56,15206.02,0.0562
T00391,M00499,173,10,58,17701.51,0.0578
T00521,M00144,170,10,59,26081.65,0.0588
T00989,M00380,167,10,55,9460.54,0.0599
T00300,M00515,155,10,55,23050.02,0.0645
T00187,M00529,151,10,55,29863.49,0.0662
T00763,M00625,142,10,55,7272.61,0.0704
T00909,M00495,131,10,54,17835.03,0.0763
T00855,M00125,126,10,50,15601.94,0.0794
T00883,M00425,126,10,52,9362.44,0.0794
T00659,M00264,124,10,50,12218.06,0.0806
T00592,M00359,123,10,53,21729.75,0.0813
T00718,M00229,123,10,53,17629.61,0.0813
T00160,M00400,122,10,55,10931.65,0.082
T00553,M00442,120,10,47,14151.31,0.0833
T00903,M00342,119,10,55,21764.25,0.084
T01199,M00008,114,10,50,20381.82,0.0877
T00249,M00267,113,10,53,6573.0,0.0885
T00655,M00323,113,10,53,10229.91,0.0885
T00229,M00754,107,10,48,6095.8,0.0935
T00006,M00255,106,10,54,6964.0,0.0943
T00068,M00595,106,10,53,6373.09,0.0943
T00976,M00382,106,10,45,8545.72,0.0943
T00333,M00640,100,10,50,6719.21,0.1
T00534,M00260,99,10,52,8123.08,0.101
T01191,M00433,99,10,51,9405.64,0.101
T00326,M00281,98,10,49,8221.59,0.102
T00500,M00524,98,10,46,12117.86,0.102
T00282,M00676,97,10,49,9819.33,0.1031
T00754,M00171,96,10,47,9110.65,0.1042
T00581,M00775,94,10,46,4968.52,0.1064
T00015,M00475,92,10,45,11133.93,0.1087
T00063,M00229,90,10,47,4759.89,0.1111
T00484,M00545,85,10,44,11389.03,0.1176
T00664,M00355,76,10,42,5197.74,0.1316
T00495,M00023,74,10,39,3807.77,0.1351
T00494,M00701,72,10,41,7918.92,0.1389
T01154,M00068,68,10,44,10012.56,0.1471
T00158,M00762,65,10,38,9625.67,0.1538
T00561,M00652,65,10,42,5238.68,0.1538
T00115,M00312,63,10,38,3738.84,0.1587
T01000,M00118,63,10,38,3715.08,0.1587
T00832,M00621,62,10,43,4070.05,0.1613
T01022,M00347,62,10,37,3724.2599999999998,0.1613
T00911,M00371,54,10,37,3202.38,0.1852
T00750,M00636,52,10,34,9669.88,0.1923
T00936,M00404,52,10,35,3404.25,0.1923
T00710,M00708,42,10,30,4944.650000000001,0.2381
T01041,M00794,42,10,32,5852.13,0.2381
T00226,M00080,41,10,31,2513.18,0.2439
T00607,M00524,41,10,31,2544.9900000000002,0.2439
T00118,M00575,35,10,27,1889.9,0.2857
T01028,M00612,34,10,26,3185.13,0.2941
T01014,M00039,28,10,26,2443.35,0.3571
T00372,M00721,10,10,10,1387.08,1.0
T00727,M00616,10,10,10,838.36,1.0
T00896,M00780,10,10,9,1102.0,1.0
T01050,M00211,296,9,60,59412.27,0.0304
T00122,M00112,272,9,58,88919.5,0.0331
T00416,M00321,255,9,59,32611.27,0.0353
T00424,M00671,240,9,60,21092.48,0.0375
T00876,M00213,209,9,60,21007.55,0.0431
T00257,M00017,200,9,58,44949.82,0.045
T00012,M00480,186,9,57,15664.119999999999,0.0484
T01169,M00352,175,9,56,26778.32,0.0514
T01096,M00780,157,9,55,14633.86,0.0573
T00704,M00615,149,9,54,16018.8,0.0604
T00810,M00127,145,9,55,14148.44,0.0621
T00863,M00529,143,9,54,25550.07,0.0629
T00715,M00770,128,9,53,11931.76,0.0703
T00556,M00176,121,9,51,13870.1,0.0744
T00465,M00483,118,9,53,10293.15,0.0763
T00104,M00251,117,9,52,12224.6,0.0769
T01122,M00553,117,9,53,9170.83,0.0769
T00868,M00560,114,9,51,13355.4,0.0789
T00377,M00343,113,9,47,7482.71,0.0796
T00645,M00233,108,9,49,16677.37,0.0833
T00758,M00296,101,9,50,8467.92,0.0891
T00376,M00533,98,9,48,6126.2,0.0918
T00310,M00566,97,9,47,17399.41,0.0928
T00507,M00558,96,9,48,5504.07,0.0938
T00681,M00644,94,9,43,11221.12,0.0957
T00269,M00265,88,9,44,13629.91,0.1023
T00231,M00595,78,9,44,10435.44,0.1154
T00014,M00480,77,9,45,3116.38,0.1169
T00547,M00431,76,9,43,2933.55,0.1184
T01159,M00340,75,9,40,4755.91,0.12
T01137,M00734,72,9,43,4775.25,0.125
T00875,M00464,71,9,43,21331.11,0.1268
T00621,M00310,68,9,41,2340.2,0.1324
T00383,M00621,61,9,39,3307.2799999999997,0.1475
T00097,M00286,57,9,40,3579.9,0.1579
T00396,M00080,53,9,34,2943.26,0.1698
T00200,M00644,51,9,37,3166.34,0.1765
T00486,M00144,51,9,34,4100.38,0.1765
T00970,M00049,47,9,34,4182.27,0.1915
T01152,M00118,42,9,30,3255.72,0.2143
T00987,M00319,39,9,31,3438.05,0.2308
T01110,M00590,36,9,26,1654.84,0.25
T00016,M00493,33,9,29,2228.51,0.2727
T00323,M00113,32,9,25,1861.73,0.2812
T00712,M00286,30,9,25,2931.48,0.3
T00845,M00695,29,9,25,2023.9,0.3103
T00075,M00644,9,9,9,1111.29,1.0
T01007,M00483,9,9,9,526.66,1.0
T00814,M00085,255,8,60,62122.28,0.0314
T01133,M00163,193,8,58,15434.32,0.0415
T00984,M00359,160,8,53,13004.03,0.05
T00290,M00044,136,8,56,8561.59,0.0588
T00405,M00675,128,8,53,17804.06,0.0625
T01042,M00326,124,8,54,17512.61,0.0645
T00103,M00148,121,8,52,16572.46,0.0661
T00221,M00588,116,8,53,10989.84,0.069
T00574,M00461,112,8,54,29835.6,0.0714
T01073,M00193,108,8,50,10480.29,0.0741
T00123,M00339,98,8,48,12269.43,0.0816
T00419,M00006,97,8,48,6608.57,0.0825
T00957,M00647,91,8,43,18706.2,0.0879
T01057,M00715,88,8,51,4111.94,0.0909
T00622,M00520,82,8,46,13253.83,0.0976
T00260,M00610,77,8,44,4533.43,0.1039
T00796,M00354,77,8,46,9284.43,0.1039
T01088,M00159,77,8,41,4484.97,0.1039
T00616,M00489,74,8,42,6466.25,0.1081
T00432,M00098,69,8,45,5837.83,0.1159
T00918,M00039,57,8,36,3238.03,0.1404
T00298,M00598,55,8,36,3103.7,0.1455
T00315,M00426,52,8,37,2834.97,0.1538
T00211,M00391,48,8,35,4775.48,0.1667
T00872,M00381,41,8,26,2124.08,0.1951
T00240,M00454,37,8,28,1428.84,0.2162
T01125,M00425,32,8,24,1745.55,0.25
T00328,M00260,28,8,24,2880.72,0.2857
T00380,M00156,8,8,7,435.86,1.0
T00485,M00200,8,8,8,769.59,1.0
T00924,M00777,8,8,8,1450.1899999999998,1.0
T00186,M00203,209,7,57,25186.64,0.0335
T00604,M00285,200,7,58,14309.87,0.035
T01103,M00262,149,7,54,15416.58,0.047
T00461,M00731,125,7,55,8057.53,0.056
T00009,M00730,98,7,45,11325.93,0.0714
T00914,M00708,86,7,44,7003.83,0.0814
T00137,M00727,78,7,41,9182.7,0.0897
T00082,M00464,75,7,46,7549.42,0.0933
T01089,M00514,71,7,40,3127.02,0.0986
T00373,M00057,68,7,41,3083.71,0.1029
T00283,M00563,50,7,35,7905.3,0.14
T00857,M00415,46,7,36,2040.36,0.1522
T01121,M00158,46,7,36,2545.82,0.1522
T00824,M00339,29,7,22,1606.86,0.2414
T00480,M00525,7,7,7,573.69,1.0
T00612,M00697,146,6,55,24350.36,0.0411
T00892,M00086,103,6,48,21379.92,0.0583
T00244,M00325,88,6,48,18847.76,0.0682
T00781,M00083,50,6,36,1336.94,0.12
T01148,M00241,46,6,32,1408.9099999999999,0.1304
T00990,M00780,6,6,6,444.16,1.0
T00297,M00075,113,5,49,10654.63,0.0442
T00933,M00439,106,5,51,6055.98,0.0472
T00979,M00676,72,5,50,37437.82,0.0694
T00205,M00591,20,5,17,1509.45,0.25
T01149,M00146,69,4,43,3903.6,0.058
T00007,M00684,29,4,23,1595.2,0.1379
