Strategy,Typology,Fraud_Transactions,Fraud_Value,Fraud_Value_Captured_Pct
Incumbent,account_takeover,30,12544.75,0.0
Incumbent,card_testing,120,325.19,0.0
Incumbent,credential_compromise,40,19417.36,0.0
Incumbent,terminal_compromise,160,34945.88,0.0
Rules,account_takeover,30,12544.75,77.99
Rules,card_testing,120,325.19,65.71
Rules,credential_compromise,40,19417.36,84.98
Rules,terminal_compromise,160,34945.88,64.79
Logistic,account_takeover,30,12544.75,82.89
Logistic,card_testing,120,325.19,35.37
Logistic,credential_compromise,40,19417.36,85.39
Logistic,terminal_compromise,160,34945.88,73.26
Rules + logistic,account_takeover,30,12544.75,78.29
Rules + logistic,card_testing,120,325.19,68.38
Rules + logistic,credential_compromise,40,19417.36,86.11
Rules + logistic,terminal_compromise,160,34945.88,70.13
