Customer_ID,Segment,Typical_Spend,Typical_Transactions_Per_Day,Home_Region,KYC_Risk_Band
C000001,Premium,108.3,3.0,Northeast,Low
C000002,Standard,47.29,1.39,Northeast,Low
C000003,Standard,49.28,1.53,Midwest,Low
C000004,Standard,28.92,1.37,South,Low
C000005,Standard,58.35,1.6,South,Medium
C000006,Standard,42.36,1.61,Northeast,Low
C000007,Standard,98.89,0.7,Northeast,Medium
C000008,Premium,205.13,3.71,West,Low
C000009,Standard,40.72,1.24,West,Medium
C000010,Standard,43.45,1.08,South,Low
C000011,Standard,65.58,1.49,South,Low
C000012,Premium,102.35,2.07,West,Low
C000013,Standard,68.73,1.46,West,Low
C000014,Premium,73.56,2.13,South,Low
C000015,Business,214.93,4.67,South,Low
C000016,Standard,64.06,2.06,South,Low
C000017,Standard,45.08,0.57,South,Low
C000018,Standard,48.31,1.48,West,Medium
C000019,Standard,62.45,1.4,Northeast,Low
C000020,Standard,69.56,1.15,Northeast,Medium
