Account_ID,Customer_ID,Opened_At,Account_Type,Status
A0000001,C000001,2024-05-06,Prepaid,active
A0000002,C000002,2025-07-27,Prepaid,active
A0000003,C000003,2024-03-14,Debit,active
A0000004,C000004,2025-02-17,Credit,active
A0000005,C000005,2025-02-19,Credit,active
A0000006,C000006,2024-09-21,Debit,active
A0000007,C000007,2024-06-16,Debit,active
A0000008,C000008,2025-02-21,Debit,active
A0000009,C000009,2025-01-15,Credit,active
A0000010,C000010,2025-07-09,Debit,active
A0000011,C000011,2024-12-10,Credit,active
A0000012,C000012,2024-05-02,Prepaid,active
A0000013,C000013,2025-07-07,Credit,active
A0000014,C000014,2025-07-08,Debit,active
A0000015,C000015,2024-03-12,Debit,active
A0000016,C000016,2024-10-06,Credit,active
A0000017,C000017,2024-01-27,Debit,active
A0000018,C000018,2024-09-07,Credit,active
A0000019,C000019,2025-10-31,Credit,active
A0000020,C000020,2024-04-17,Prepaid,active
A0000021,C000021,2023-11-14,Debit,active
A0000022,C000022,2025-06-27,Debit,active
A0000023,C000023,2025-11-11,Debit,active
A0000024,C000024,2024-07-07,Credit,active
A0000025,C000025,2025-10-25,Debit,active
A0000026,C000026,2023-09-22,Debit,active
A0000027,C000027,2025-06-04,Credit,active
A0000028,C000028,2024-05-12,Debit,active
A0000029,C000029,2025-03-03,Debit,active
A0000030,C000030,2025-05-22,Debit,active
A0000031,C000031,2023-10-21,Credit,active
A0000032,C000032,2024-08-18,Debit,active
A0000033,C000033,2023-12-19,Credit,active
A0000034,C000034,2025-05-21,Credit,active
A0000035,C000035,2025-10-23,Debit,active
A0000036,C000036,2024-05-09,Credit,active
A0000037,C000037,2024-06-27,Debit,active
A0000038,C000038,2024-03-31,Debit,active
A0000039,C000039,2024-05-26,Credit,active
A0000040,C000040,2025-07-08,Credit,active
A0000041,C000041,2024-05-14,Debit,active
A0000042,C000042,2024-04-14,Credit,active
A0000043,C000043,2025-05-30,Debit,active
A0000044,C000044,2024-10-27,Debit,active
A0000045,C000045,2024-12-17,Credit,active
A0000046,C000046,2025-06-14,Debit,active
A0000047,C000047,2023-12-27,Debit,active
A0000048,C000048,2025-10-17,Prepaid,active
A0000049,C000049,2023-12-21,Debit,active
A0000050,C000050,2024-03-09,Debit,active
A0000051,C000051,2024-03-04,Debit,active
A0000052,C000052,2025-08-11,Credit,active
A0000053,C000053,2025-07-13,Credit,active
A0000054,C000054,2024-08-04,Debit,active
A0000055,C000055,2024-05-25,Debit,active
A0000056,C000056,2023-08-04,Debit,active
A0000057,C000057,2024-05-22,Debit,active
A0000058,C000058,2025-02-17,Debit,active
A0000059,C000059,2023-09-24,Credit,active
A0000060,C000060,2024-04-07,Credit,active
A0000061,C000061,2025-09-16,Credit,active
A0000062,C000062,2025-02-21,Debit,active
A0000063,C000063,2023-12-20,Debit,active
A0000064,C000064,2025-11-11,Credit,active
A0000065,C000065,2025-08-27,Prepaid,active
A0000066,C000066,2025-05-31,Credit,active
A0000067,C000067,2025-05-23,Credit,active
A0000068,C000068,2025-03-16,Debit,active
A0000069,C000069,2024-01-03,Credit,active
A0000070,C000070,2023-12-23,Credit,active
A0000071,C000071,2024-11-20,Debit,active
A0000072,C000072,2024-10-19,Debit,active
A0000073,C000073,2024-02-10,Debit,active
A0000074,C000074,2025-11-20,Debit,active
A0000075,C000075,2023-08-31,Debit,active
A0000076,C000076,2025-03-12,Credit,active
A0000077,C000077,2024-05-30,Credit,active
A0000078,C000078,2023-12-10,Debit,active
A0000079,C000079,2024-10-25,Credit,active
A0000080,C000080,2024-08-03,Prepaid,active
A0000081,C000081,2025-03-03,Debit,active
A0000082,C000082,2025-09-21,Credit,active
A0000083,C000083,2025-09-09,Credit,active
A0000084,C000084,2025-10-13,Debit,active
A0000085,C000085,2024-03-14,Credit,active
A0000086,C000086,2025-01-04,Debit,active
A0000087,C000087,2024-05-01,Debit,active
A0000088,C000088,2024-08-28,Credit,active
A0000089,C000089,2025-11-18,Debit,active
A0000090,C000090,2023-12-28,Prepaid,active
A0000091,C000091,2024-02-02,Credit,active
A0000092,C000092,2024-05-08,Credit,active
A0000093,C000093,2024-02-24,Debit,active
A0000094,C000094,2024-12-07,Credit,active
A0000095,C000095,2025-10-03,Prepaid,active
A0000096,C000096,2023-08-30,Debit,active
A0000097,C000097,2023-07-17,Debit,active
A0000098,C000098,2025-03-26,Credit,active
A0000099,C000099,2024-05-28,Prepaid,active
A0000100,C000100,2024-10-16,Credit,active
A0000101,C000101,2023-12-16,Credit,active
A0000102,C000102,2024-05-17,Debit,active
A0000103,C000103,2025-11-16,Credit,active
A0000104,C000104,2024-09-14,Debit,active
A0000105,C000105,2024-02-22,Credit,active
A0000106,C000106,2024-04-05,Debit,active
A0000107,C000107,2025-05-07,Debit,active
A0000108,C000108,2024-08-16,Prepaid,active
A0000109,C000109,2024-07-26,Debit,active
A0000110,C000110,2025-03-07,Debit,active
A0000111,C000111,2024-12-19,Credit,active
A0000112,C000112,2025-08-25,Debit,active
A0000113,C000113,2023-12-23,Debit,active
A0000114,C000114,2024-08-13,Credit,active
A0000115,C000115,2024-05-07,Credit,active
A0000116,C000116,2024-06-17,Prepaid,active
A0000117,C000117,2024-05-19,Credit,active
A0000118,C000118,2024-08-09,Debit,active
A0000119,C000119,2024-12-09,Debit,active
A0000120,C000120,2025-02-20,Credit,active
A0000121,C000121,2024-07-13,Credit,active
A0000122,C000122,2025-08-20,Credit,active
A0000123,C000123,2025-07-14,Prepaid,active
A0000124,C000124,2023-07-17,Credit,active
A0000125,C000125,2025-09-02,Debit,active
A0000126,C000126,2023-08-07,Credit,active
A0000127,C000127,2025-02-20,Debit,active
A0000128,C000128,2025-05-08,Credit,active
A0000129,C000129,2025-03-05,Debit,active
A0000130,C000130,2025-04-03,Debit,active
A0000131,C000131,2023-07-27,Credit,active
A0000132,C000132,2025-11-11,Debit,active
A0000133,C000133,2025-04-11,Credit,active
A0000134,C000134,2024-08-08,Credit,active
A0000135,C000135,2025-06-09,Credit,active
A0000136,C000136,2024-09-05,Credit,active
A0000137,C000137,2025-03-01,Debit,active
A0000138,C000138,2024-12-08,Credit,active
A0000139,C000139,2025-08-23,Credit,active
A0000140,C000140,2024-01-25,Credit,active
A0000141,C000141,2025-09-19,Credit,active
A0000142,C000142,2025-01-27,Debit,active
A0000143,C000143,2023-12-12,Credit,active
A0000144,C000144,2025-01-28,Credit,active
A0000145,C000145,2024-04-10,Debit,active
A0000146,C000146,2025-08-08,Prepaid,active
A0000147,C000147,2024-04-12,Credit,active
A0000148,C000148,2025-07-09,Debit,active
A0000149,C000149,2024-09-18,Credit,active
A0000150,C000150,2024-05-06,Credit,active
A0000151,C000151,2024-05-26,Debit,active
A0000152,C000152,2025-10-16,Debit,active
A0000153,C000153,2024-07-16,Debit,active
A0000154,C000154,2024-05-14,Credit,active
A0000155,C000155,2024-05-06,Debit,active
A0000156,C000156,2024-03-01,Credit,active
A0000157,C000157,2025-11-29,Credit,active
A0000158,C000158,2025-10-11,Credit,active
A0000159,C000159,2023-07-21,Debit,active
A0000160,C000160,2025-11-17,Debit,active
A0000161,C000161,2024-09-23,Debit,active
A0000162,C000162,2023-11-10,Debit,active
A0000163,C000163,2025-08-20,Debit,active
A0000164,C000164,2025-11-13,Credit,active
A0000165,C000165,2025-03-20,Debit,active
A0000166,C000166,2023-11-11,Debit,active
A0000167,C000167,2025-03-02,Debit,active
A0000168,C000168,2023-07-31,Credit,active
A0000169,C000169,2024-04-10,Credit,active
A0000170,C000170,2024-05-22,Credit,active
A0000171,C000171,2024-08-19,Credit,active
A0000172,C000172,2024-08-26,Credit,active
A0000173,C000173,2024-10-20,Debit,active
A0000174,C000174,2024-01-18,Credit,active
A0000175,C000175,2024-11-08,Debit,active
A0000176,C000176,2025-09-01,Credit,active
A0000177,C000177,2024-12-27,Debit,active
A0000178,C000178,2024-02-06,Debit,active
A0000179,C000179,2024-06-19,Debit,active
A0000180,C000180,2025-05-07,Debit,active
A0000181,C000181,2025-06-07,Credit,active
A0000182,C000182,2025-01-06,Debit,active
A0000183,C000183,2025-02-11,Debit,active
A0000184,C000184,2024-07-23,Prepaid,active
A0000185,C000185,2025-03-30,Debit,active
A0000186,C000186,2025-03-29,Credit,active
A0000187,C000187,2025-06-24,Debit,active
A0000188,C000188,2025-03-23,Debit,active
A0000189,C000189,2025-06-14,Debit,active
A0000190,C000190,2024-09-15,Debit,active
A0000191,C000191,2024-01-14,Credit,active
A0000192,C000192,2024-11-19,Prepaid,active
A0000193,C000193,2023-11-17,Debit,active
A0000194,C000194,2023-10-18,Debit,active
A0000195,C000195,2024-07-20,Credit,active
A0000196,C000196,2025-05-02,Debit,active
A0000197,C000197,2024-04-19,Debit,active
A0000198,C000198,2024-09-23,Prepaid,active
A0000199,C000199,2025-10-19,Credit,active
A0000200,C000200,2023-08-12,Debit,active
A0000201,C000201,2024-08-01,Debit,active
A0000202,C000202,2023-07-18,Debit,active
A0000203,C000203,2025-05-16,Credit,active
A0000204,C000204,2023-09-17,Debit,active
A0000205,C000205,2024-12-29,Debit,active
A0000206,C000206,2024-07-11,Debit,active
A0000207,C000207,2025-07-14,Debit,active
A0000208,C000208,2025-01-30,Prepaid,active
A0000209,C000209,2024-02-23,Debit,active
A0000210,C000210,2023-11-20,Debit,active
A0000211,C000211,2025-08-05,Debit,active
A0000212,C000212,2023-10-26,Debit,active
A0000213,C000213,2023-12-01,Debit,active
A0000214,C000214,2024-02-16,Credit,active
A0000215,C000215,2024-04-27,Credit,active
A0000216,C000216,2024-11-27,Debit,active
A0000217,C000217,2024-08-30,Credit,active
A0000218,C000218,2025-07-28,Debit,active
A0000219,C000219,2024-06-02,Debit,active
A0000220,C000220,2024-07-10,Credit,active
A0000221,C000221,2024-03-12,Debit,active
A0000222,C000222,2023-12-10,Credit,active
A0000223,C000223,2024-01-21,Credit,active
A0000224,C000224,2024-07-17,Prepaid,active
A0000225,C000225,2024-06-05,Debit,active
A0000226,C000226,2023-07-19,Prepaid,active
A0000227,C000227,2024-03-19,Debit,active
A0000228,C000228,2024-03-08,Prepaid,active
A0000229,C000229,2025-06-16,Debit,active
A0000230,C000230,2025-04-29,Debit,active
A0000231,C000231,2023-12-26,Credit,active
A0000232,C000232,2025-02-20,Prepaid,active
A0000233,C000233,2024-03-15,Debit,active
A0000234,C000234,2024-04-13,Debit,active
A0000235,C000235,2025-02-18,Debit,active
A0000236,C000236,2023-12-15,Debit,active
A0000237,C000237,2023-11-16,Debit,active
A0000238,C000238,2024-03-11,Debit,active
A0000239,C000239,2025-03-21,Debit,active
A0000240,C000240,2024-01-15,Debit,active
A0000241,C000241,2025-05-14,Credit,active
A0000242,C000242,2023-08-26,Debit,active
A0000243,C000243,2023-12-29,Debit,active
A0000244,C000244,2023-08-18,Credit,active
A0000245,C000245,2025-08-05,Prepaid,active
A0000246,C000246,2024-07-13,Debit,active
A0000247,C000247,2023-12-17,Debit,active
A0000248,C000248,2025-02-17,Debit,active
A0000249,C000249,2024-08-13,Prepaid,active
A0000250,C000250,2023-08-06,Prepaid,active
A0000251,C000251,2023-12-22,Debit,active
A0000252,C000252,2025-09-03,Debit,active
A0000253,C000253,2024-09-25,Credit,active
A0000254,C000254,2023-12-01,Credit,active
A0000255,C000255,2024-04-19,Debit,active
A0000256,C000256,2023-07-24,Debit,active
A0000257,C000257,2025-05-08,Credit,active
A0000258,C000258,2024-10-22,Credit,active
A0000259,C000259,2023-11-21,Debit,active
A0000260,C000260,2024-03-10,Credit,active
A0000261,C000261,2025-03-19,Credit,active
A0000262,C000262,2024-09-11,Debit,active
A0000263,C000263,2023-10-30,Debit,active
A0000264,C000264,2025-02-21,Credit,active
A0000265,C000265,2025-07-22,Prepaid,active
A0000266,C000266,2024-12-04,Debit,active
A0000267,C000267,2025-02-19,Debit,active
A0000268,C000268,2024-03-15,Debit,active
A0000269,C000269,2024-05-19,Debit,active
A0000270,C000270,2025-06-06,Debit,active
A0000271,C000271,2025-05-01,Credit,active
A0000272,C000272,2025-09-19,Debit,active
A0000273,C000273,2023-08-18,Credit,active
A0000274,C000274,2025-05-21,Debit,active
A0000275,C000275,2025-03-16,Debit,active
A0000276,C000276,2024-02-28,Debit,active
A0000277,C000277,2024-09-14,Credit,active
A0000278,C000278,2025-11-21,Credit,active
A0000279,C000279,2024-07-31,Credit,active
A0000280,C000280,2025-08-18,Credit,active
A0000281,C000281,2024-02-29,Debit,active
A0000282,C000282,2024-09-09,Debit,active
A0000283,C000283,2024-06-13,Credit,active
A0000284,C000284,2024-02-07,Debit,active
A0000285,C000285,2025-08-21,Credit,active
A0000286,C000286,2025-10-29,Credit,active
A0000287,C000287,2025-09-04,Debit,active
A0000288,C000288,2024-03-04,Credit,active
A0000289,C000289,2025-04-24,Prepaid,active
A0000290,C000290,2024-11-02,Credit,active
A0000291,C000291,2023-08-15,Debit,active
A0000292,C000292,2024-06-19,Debit,active
A0000293,C000293,2025-06-09,Credit,active
A0000294,C000294,2025-08-09,Credit,active
A0000295,C000295,2025-05-25,Prepaid,active
A0000296,C000296,2024-02-28,Prepaid,active
A0000297,C000297,2025-06-25,Debit,active
A0000298,C000298,2024-05-28,Credit,active
A0000299,C000299,2023-11-20,Debit,active
A0000300,C000300,2025-05-09,Debit,active
A0000301,C000301,2024-09-11,Credit,active
A0000302,C000302,2023-12-09,Credit,active
A0000303,C000303,2025-10-07,Credit,active
A0000304,C000304,2025-04-12,Debit,active
A0000305,C000305,2024-05-08,Credit,active
A0000306,C000306,2024-08-19,Credit,active
A0000307,C000307,2025-05-30,Debit,active
A0000308,C000308,2025-09-08,Prepaid,active
A0000309,C000309,2025-02-23,Credit,active
A0000310,C000310,2023-12-07,Debit,active
A0000311,C000311,2024-04-26,Debit,active
A0000312,C000312,2024-01-09,Credit,active
A0000313,C000313,2023-11-24,Credit,active
A0000314,C000314,2024-02-08,Debit,active
A0000315,C000315,2023-09-13,Debit,active
A0000316,C000316,2024-09-10,Credit,active
A0000317,C000317,2023-11-07,Debit,active
A0000318,C000318,2025-01-22,Debit,active
A0000319,C000319,2025-05-08,Debit,active
A0000320,C000320,2025-06-01,Credit,active
A0000321,C000321,2023-08-23,Debit,active
A0000322,C000322,2024-05-06,Debit,active
A0000323,C000323,2023-12-21,Credit,active
A0000324,C000324,2024-11-12,Debit,active
A0000325,C000325,2024-07-29,Credit,active
A0000326,C000326,2025-09-10,Debit,active
A0000327,C000327,2025-11-02,Debit,active
A0000328,C000328,2024-11-03,Debit,active
A0000329,C000329,2025-09-19,Prepaid,active
A0000330,C000330,2024-08-30,Credit,active
A0000331,C000331,2024-12-29,Debit,active
A0000332,C000332,2023-09-28,Credit,active
A0000333,C000333,2024-09-08,Credit,active
A0000334,C000334,2023-10-12,Debit,active
A0000335,C000335,2024-09-27,Debit,active
A0000336,C000336,2024-12-24,Debit,active
A0000337,C000337,2025-08-30,Credit,active
A0000338,C000338,2025-03-23,Debit,active
A0000339,C000339,2024-05-27,Debit,active
A0000340,C000340,2024-04-26,Debit,active
A0000341,C000341,2023-10-06,Debit,active
A0000342,C000342,2025-04-22,Debit,active
A0000343,C000343,2025-02-13,Debit,active
A0000344,C000344,2025-09-18,Debit,active
A0000345,C000345,2023-12-09,Debit,active
A0000346,C000346,2025-07-24,Debit,active
A0000347,C000347,2025-10-28,Credit,active
A0000348,C000348,2024-06-18,Credit,active
A0000349,C000349,2024-04-15,Debit,active
A0000350,C000350,2025-04-23,Debit,active
A0000351,C000351,2024-06-23,Debit,active
A0000352,C000352,2024-12-08,Debit,active
A0000353,C000353,2023-07-20,Debit,active
A0000354,C000354,2024-02-10,Debit,active
A0000355,C000355,2024-12-16,Debit,active
A0000356,C000356,2024-01-27,Credit,active
A0000357,C000357,2025-05-22,Debit,active
A0000358,C000358,2025-02-03,Credit,active
A0000359,C000359,2023-10-04,Credit,active
A0000360,C000360,2025-10-13,Debit,active
A0000361,C000361,2023-08-24,Debit,active
A0000362,C000362,2025-08-04,Debit,active
A0000363,C000363,2025-10-19,Credit,active
A0000364,C000364,2025-08-26,Debit,active
A0000365,C000365,2025-09-12,Credit,active
A0000366,C000366,2025-04-14,Credit,active
A0000367,C000367,2025-07-18,Debit,active
A0000368,C000368,2025-02-25,Credit,active
A0000369,C000369,2024-03-15,Debit,active
A0000370,C000370,2025-09-20,Debit,active
A0000371,C000371,2024-11-11,Debit,active
A0000372,C000372,2024-03-16,Credit,active
A0000373,C000373,2025-02-18,Credit,active
A0000374,C000374,2025-05-11,Credit,active
A0000375,C000375,2025-11-29,Prepaid,active
A0000376,C000376,2024-08-07,Debit,active
A0000377,C000377,2023-09-18,Debit,active
A0000378,C000378,2024-05-21,Credit,active
A0000379,C000379,2025-06-06,Debit,active
A0000380,C000380,2024-06-20,Debit,active
A0000381,C000381,2023-12-29,Credit,active
A0000382,C000382,2024-10-30,Debit,active
A0000383,C000383,2025-10-30,Debit,active
A0000384,C000384,2023-10-26,Debit,active
A0000385,C000385,2023-07-21,Credit,active
A0000386,C000386,2023-08-29,Debit,active
A0000387,C000387,2023-11-20,Credit,active
A0000388,C000388,2025-02-10,Debit,active
A0000389,C000389,2023-10-02,Debit,active
A0000390,C000390,2024-07-19,Debit,active
A0000391,C000391,2025-01-25,Prepaid,active
A0000392,C000392,2023-09-09,Credit,active
A0000393,C000393,2025-03-07,Credit,active
A0000394,C000394,2024-03-03,Credit,active
A0000395,C000395,2024-09-29,Credit,active
A0000396,C000396,2025-04-19,Credit,active
A0000397,C000397,2023-10-01,Debit,active
A0000398,C000398,2025-05-04,Credit,active
A0000399,C000399,2023-10-09,Debit,active
A0000400,C000400,2023-12-25,Credit,active
A0000401,C000401,2024-10-19,Debit,active
A0000402,C000402,2024-11-25,Debit,active
A0000403,C000403,2023-07-31,Debit,active
A0000404,C000404,2024-06-19,Debit,active
A0000405,C000405,2023-10-21,Debit,active
A0000406,C000406,2024-02-22,Debit,active
A0000407,C000407,2023-07-27,Debit,active
A0000408,C000408,2025-08-15,Credit,active
A0000409,C000409,2025-10-18,Credit,active
A0000410,C000410,2024-02-11,Debit,active
A0000411,C000411,2024-09-12,Debit,active
A0000412,C000412,2024-01-26,Credit,active
A0000413,C000413,2024-11-19,Credit,active
A0000414,C000414,2025-07-25,Debit,active
A0000415,C000415,2023-10-22,Debit,active
A0000416,C000416,2025-06-23,Credit,active
A0000417,C000417,2024-10-22,Prepaid,active
A0000418,C000418,2024-02-24,Credit,active
A0000419,C000419,2025-11-15,Debit,active
A0000420,C000420,2024-12-10,Debit,active
A0000421,C000421,2025-01-27,Credit,active
A0000422,C000422,2023-10-16,Credit,active
A0000423,C000423,2025-11-29,Debit,active
A0000424,C000424,2023-10-25,Debit,active
A0000425,C000425,2023-08-19,Credit,active
A0000426,C000426,2023-12-20,Debit,active
A0000427,C000427,2023-10-20,Credit,active
A0000428,C000428,2025-07-28,Debit,active
A0000429,C000429,2024-12-25,Debit,active
A0000430,C000430,2023-11-26,Credit,active
A0000431,C000431,2025-11-01,Prepaid,active
A0000432,C000432,2025-08-30,Credit,active
A0000433,C000433,2025-06-20,Credit,active
A0000434,C000434,2023-10-29,Prepaid,active
A0000435,C000435,2023-09-14,Prepaid,active
A0000436,C000436,2025-04-19,Credit,active
A0000437,C000437,2025-06-28,Credit,active
A0000438,C000438,2025-03-05,Credit,active
A0000439,C000439,2023-11-13,Credit,active
A0000440,C000440,2023-09-09,Debit,active
A0000441,C000441,2024-11-03,Debit,active
A0000442,C000442,2023-12-12,Debit,active
A0000443,C000443,2025-01-04,Debit,active
A0000444,C000444,2025-03-10,Debit,active
A0000445,C000445,2023-08-17,Credit,active
A0000446,C000446,2025-01-08,Debit,active
A0000447,C000447,2023-08-15,Credit,active
A0000448,C000448,2023-09-29,Debit,active
A0000449,C000449,2024-01-18,Credit,active
A0000450,C000450,2024-05-23,Credit,active
A0000451,C000451,2024-01-17,Credit,active
A0000452,C000452,2024-01-04,Credit,active
A0000453,C000453,2025-08-09,Debit,active
A0000454,C000454,2025-07-23,Credit,active
A0000455,C000455,2025-03-17,Credit,active
A0000456,C000456,2024-08-20,Debit,active
A0000457,C000457,2025-02-06,Credit,active
A0000458,C000458,2023-11-11,Credit,active
A0000459,C000459,2023-09-16,Debit,active
A0000460,C000460,2024-11-07,Debit,active
A0000461,C000461,2025-03-14,Debit,active
A0000462,C000462,2024-03-28,Credit,active
A0000463,C000463,2025-07-05,Debit,active
A0000464,C000464,2025-05-20,Credit,active
A0000465,C000465,2023-10-18,Debit,active
A0000466,C000466,2024-12-12,Credit,active
A0000467,C000467,2024-05-11,Credit,active
A0000468,C000468,2025-08-18,Credit,active
A0000469,C000469,2024-10-07,Prepaid,active
A0000470,C000470,2025-03-31,Credit,active
A0000471,C000471,2025-09-19,Credit,active
A0000472,C000472,2023-09-08,Credit,active
A0000473,C000473,2025-10-30,Debit,active
A0000474,C000474,2024-03-18,Debit,active
A0000475,C000475,2024-05-01,Credit,active
A0000476,C000476,2025-11-26,Credit,active
A0000477,C000477,2025-07-15,Credit,active
A0000478,C000478,2024-06-26,Debit,active
A0000479,C000479,2025-07-03,Debit,active
A0000480,C000480,2023-10-23,Debit,active
A0000481,C000481,2024-10-09,Debit,active
A0000482,C000482,2024-10-09,Credit,active
A0000483,C000483,2023-11-02,Debit,active
A0000484,C000484,2024-12-16,Prepaid,active
A0000485,C000485,2024-10-28,Credit,active
A0000486,C000486,2024-10-20,Credit,active
A0000487,C000487,2025-10-30,Credit,active
A0000488,C000488,2023-07-23,Debit,active
A0000489,C000489,2024-10-18,Credit,active
A0000490,C000490,2025-09-29,Credit,active
A0000491,C000491,2025-07-25,Debit,active
A0000492,C000492,2023-09-24,Credit,active
A0000493,C000493,2024-09-06,Debit,active
A0000494,C000494,2024-12-25,Debit,active
A0000495,C000495,2024-08-16,Debit,active
A0000496,C000496,2024-07-14,Credit,active
A0000497,C000497,2025-06-29,Debit,active
A0000498,C000498,2025-06-22,Prepaid,active
A0000499,C000499,2025-10-29,Debit,active
A0000500,C000500,2025-03-19,Credit,active
A0000501,C000501,2025-10-30,Debit,active
A0000502,C000502,2025-03-22,Credit,active
A0000503,C000503,2024-08-28,Credit,active
A0000504,C000504,2023-09-14,Credit,active
A0000505,C000505,2025-07-17,Credit,active
A0000506,C000506,2023-07-31,Debit,active
A0000507,C000507,2024-06-30,Debit,active
A0000508,C000508,2025-04-14,Debit,active
A0000509,C000509,2023-08-15,Debit,active
A0000510,C000510,2025-02-08,Debit,active
A0000511,C000511,2023-09-14,Debit,active
A0000512,C000512,2025-07-10,Credit,active
A0000513,C000513,2025-03-21,Debit,active
A0000514,C000514,2024-05-10,Debit,active
A0000515,C000515,2024-12-27,Credit,active
A0000516,C000516,2025-04-21,Debit,active
A0000517,C000517,2025-10-11,Debit,active
A0000518,C000518,2025-01-16,Debit,active
A0000519,C000519,2025-05-22,Prepaid,active
A0000520,C000520,2024-10-28,Debit,active
A0000521,C000521,2023-07-22,Debit,active
A0000522,C000522,2023-10-02,Credit,active
A0000523,C000523,2023-11-26,Debit,active
A0000524,C000524,2024-11-08,Credit,active
A0000525,C000525,2024-09-28,Debit,active
A0000526,C000526,2025-09-29,Debit,active
A0000527,C000527,2024-12-12,Debit,active
A0000528,C000528,2025-06-08,Debit,active
A0000529,C000529,2024-04-16,Credit,active
A0000530,C000530,2024-01-06,Debit,active
A0000531,C000531,2023-09-18,Debit,active
A0000532,C000532,2024-06-20,Prepaid,active
A0000533,C000533,2025-03-25,Prepaid,active
A0000534,C000534,2023-08-25,Credit,active
A0000535,C000535,2025-08-18,Credit,active
A0000536,C000536,2024-07-26,Debit,active
A0000537,C000537,2025-03-05,Debit,active
A0000538,C000538,2024-02-24,Debit,active
A0000539,C000539,2024-10-20,Debit,active
A0000540,C000540,2024-07-01,Prepaid,active
A0000541,C000541,2024-12-23,Credit,active
A0000542,C000542,2024-04-03,Debit,active
A0000543,C000543,2025-05-19,Debit,active
A0000544,C000544,2023-09-16,Debit,active
A0000545,C000545,2023-09-19,Prepaid,active
A0000546,C000546,2024-09-02,Prepaid,active
A0000547,C000547,2025-05-16,Debit,active
A0000548,C000548,2024-02-01,Credit,active
A0000549,C000549,2025-03-02,Credit,active
A0000550,C000550,2024-05-21,Credit,active
A0000551,C000551,2024-12-31,Credit,active
A0000552,C000552,2024-05-13,Credit,active
A0000553,C000553,2024-06-01,Debit,active
A0000554,C000554,2025-06-26,Debit,active
A0000555,C000555,2024-12-22,Prepaid,active
A0000556,C000556,2024-01-25,Credit,active
A0000557,C000557,2023-11-17,Debit,active
A0000558,C000558,2025-08-12,Credit,active
A0000559,C000559,2025-10-18,Debit,active
A0000560,C000560,2024-06-25,Prepaid,active
A0000561,C000561,2025-05-11,Credit,active
A0000562,C000562,2024-02-08,Credit,active
A0000563,C000563,2024-04-13,Credit,active
A0000564,C000564,2023-08-06,Prepaid,active
A0000565,C000565,2024-03-18,Debit,active
A0000566,C000566,2024-10-08,Debit,active
A0000567,C000567,2025-08-20,Credit,active
A0000568,C000568,2025-08-05,Debit,active
A0000569,C000569,2024-11-16,Debit,active
A0000570,C000570,2025-11-19,Debit,active
A0000571,C000571,2024-10-17,Debit,active
A0000572,C000572,2024-12-31,Debit,active
A0000573,C000573,2024-05-05,Debit,active
A0000574,C000574,2024-08-11,Prepaid,active
A0000575,C000575,2024-04-28,Prepaid,active
A0000576,C000576,2024-07-17,Credit,active
A0000577,C000577,2024-03-09,Debit,active
A0000578,C000578,2025-10-27,Debit,active
A0000579,C000579,2025-06-15,Debit,active
A0000580,C000580,2024-11-13,Debit,active
A0000581,C000581,2024-01-18,Debit,active
A0000582,C000582,2025-09-03,Debit,active
A0000583,C000583,2023-12-25,Debit,active
A0000584,C000584,2025-03-09,Credit,active
A0000585,C000585,2024-06-08,Credit,active
A0000586,C000586,2024-08-21,Debit,active
A0000587,C000587,2024-12-13,Credit,active
A0000588,C000588,2024-08-24,Credit,active
A0000589,C000589,2025-10-20,Debit,active
A0000590,C000590,2023-11-22,Debit,active
A0000591,C000591,2025-10-21,Debit,active
A0000592,C000592,2025-03-02,Credit,active
A0000593,C000593,2025-07-20,Credit,active
A0000594,C000594,2025-07-23,Credit,active
A0000595,C000595,2023-07-31,Credit,active
A0000596,C000596,2024-10-24,Debit,active
A0000597,C000597,2025-08-10,Credit,active
A0000598,C000598,2025-01-24,Credit,active
A0000599,C000599,2024-04-16,Credit,active
A0000600,C000600,2025-01-20,Debit,active
A0000601,C000601,2025-04-12,Debit,active
A0000602,C000602,2023-11-11,Credit,active
A0000603,C000603,2023-10-24,Credit,active
A0000604,C000604,2025-06-09,Debit,active
A0000605,C000605,2024-03-14,Credit,active
A0000606,C000606,2024-06-13,Debit,active
A0000607,C000607,2024-12-31,Debit,active
A0000608,C000608,2023-12-25,Debit,active
A0000609,C000609,2024-05-14,Credit,active
A0000610,C000610,2024-10-13,Debit,active
A0000611,C000611,2024-05-02,Credit,active
A0000612,C000612,2024-02-21,Debit,active
A0000613,C000613,2024-05-13,Credit,active
A0000614,C000614,2024-01-23,Debit,active
A0000615,C000615,2025-11-24,Credit,active
A0000616,C000616,2024-05-29,Credit,active
A0000617,C000617,2025-10-17,Debit,active
A0000618,C000618,2025-05-06,Credit,active
A0000619,C000619,2025-06-30,Debit,active
A0000620,C000620,2025-02-27,Debit,active
A0000621,C000621,2025-03-11,Credit,active
A0000622,C000622,2023-07-29,Debit,active
A0000623,C000623,2024-05-01,Credit,active
A0000624,C000624,2025-07-31,Credit,active
A0000625,C000625,2024-06-29,Debit,active
A0000626,C000626,2023-11-08,Debit,active
A0000627,C000627,2025-04-27,Debit,active
A0000628,C000628,2024-04-23,Debit,active
A0000629,C000629,2023-12-26,Credit,active
A0000630,C000630,2023-11-11,Debit,active
A0000631,C000631,2024-09-23,Debit,active
A0000632,C000632,2023-11-19,Debit,active
A0000633,C000633,2024-01-20,Credit,active
A0000634,C000634,2025-01-30,Credit,active
A0000635,C000635,2024-10-27,Credit,active
A0000636,C000636,2024-07-06,Credit,active
A0000637,C000637,2025-04-21,Prepaid,active
A0000638,C000638,2023-11-13,Debit,active
A0000639,C000639,2025-04-10,Credit,active
A0000640,C000640,2023-08-31,Prepaid,active
A0000641,C000641,2024-09-11,Prepaid,active
A0000642,C000642,2024-01-07,Debit,active
A0000643,C000643,2024-04-06,Credit,active
A0000644,C000644,2023-09-10,Credit,active
A0000645,C000645,2025-06-13,Debit,active
A0000646,C000646,2024-09-26,Debit,active
A0000647,C000647,2025-09-03,Debit,active
A0000648,C000648,2024-05-27,Debit,active
A0000649,C000649,2024-02-08,Credit,active
A0000650,C000650,2025-06-10,Debit,active
A0000651,C000651,2023-07-18,Credit,active
A0000652,C000652,2025-03-18,Credit,active
A0000653,C000653,2025-11-24,Credit,active
A0000654,C000654,2024-06-01,Credit,active
A0000655,C000655,2024-03-14,Credit,active
A0000656,C000656,2024-04-12,Debit,active
A0000657,C000657,2025-09-20,Debit,active
A0000658,C000658,2024-06-14,Credit,active
A0000659,C000659,2025-06-12,Debit,active
A0000660,C000660,2024-02-22,Prepaid,active
A0000661,C000661,2025-04-22,Credit,active
A0000662,C000662,2025-11-01,Credit,active
A0000663,C000663,2023-09-17,Debit,active
A0000664,C000664,2023-08-29,Debit,active
A0000665,C000665,2025-07-30,Credit,active
A0000666,C000666,2025-07-15,Debit,active
A0000667,C000667,2023-11-05,Credit,active
A0000668,C000668,2023-11-04,Credit,active
A0000669,C000669,2024-06-11,Debit,active
A0000670,C000670,2025-05-18,Debit,active
A0000671,C000671,2025-04-04,Credit,active
A0000672,C000672,2024-03-08,Debit,active
A0000673,C000673,2025-06-24,Debit,active
A0000674,C000674,2023-11-03,Credit,active
A0000675,C000675,2023-08-20,Credit,active
A0000676,C000676,2023-12-18,Debit,active
A0000677,C000677,2024-12-12,Credit,active
A0000678,C000678,2025-03-31,Prepaid,active
A0000679,C000679,2025-10-27,Debit,active
A0000680,C000680,2024-01-23,Debit,active
A0000681,C000681,2024-07-04,Credit,active
A0000682,C000682,2025-03-30,Debit,active
A0000683,C000683,2023-12-21,Debit,active
A0000684,C000684,2023-07-20,Debit,active
A0000685,C000685,2023-12-13,Debit,active
A0000686,C000686,2024-05-29,Debit,active
A0000687,C000687,2025-09-28,Debit,active
A0000688,C000688,2023-07-26,Prepaid,active
A0000689,C000689,2025-09-20,Debit,active
A0000690,C000690,2023-09-22,Credit,active
A0000691,C000691,2025-03-01,Credit,active
A0000692,C000692,2023-11-03,Debit,active
A0000693,C000693,2025-02-09,Debit,active
A0000694,C000694,2025-10-07,Debit,active
A0000695,C000695,2025-09-23,Debit,active
A0000696,C000696,2025-06-16,Prepaid,active
A0000697,C000697,2025-03-29,Debit,active
A0000698,C000698,2024-10-05,Prepaid,active
A0000699,C000699,2025-05-03,Debit,active
A0000700,C000700,2023-07-25,Debit,active
A0000701,C000701,2024-04-18,Credit,active
A0000702,C000702,2023-10-24,Debit,active
A0000703,C000703,2024-02-18,Debit,active
A0000704,C000704,2025-08-23,Debit,active
A0000705,C000705,2023-09-08,Debit,active
A0000706,C000706,2023-09-25,Debit,active
A0000707,C000707,2025-10-21,Credit,active
A0000708,C000708,2023-11-07,Credit,active
A0000709,C000709,2024-02-17,Credit,active
A0000710,C000710,2025-01-31,Debit,active
A0000711,C000711,2024-08-22,Credit,active
A0000712,C000712,2023-12-11,Credit,active
A0000713,C000713,2023-10-25,Debit,active
A0000714,C000714,2025-08-20,Credit,active
A0000715,C000715,2024-04-04,Debit,active
A0000716,C000716,2024-08-20,Debit,active
A0000717,C000717,2024-07-15,Debit,active
A0000718,C000718,2024-01-30,Debit,active
A0000719,C000719,2025-02-17,Debit,active
A0000720,C000720,2024-01-17,Debit,active
A0000721,C000721,2024-07-10,Credit,active
A0000722,C000722,2023-10-01,Debit,active
A0000723,C000723,2024-04-04,Debit,active
A0000724,C000724,2025-01-13,Debit,active
A0000725,C000725,2023-08-08,Debit,active
A0000726,C000726,2025-09-12,Debit,active
A0000727,C000727,2025-10-29,Credit,active
A0000728,C000728,2023-08-13,Debit,active
A0000729,C000729,2025-02-08,Debit,active
A0000730,C000730,2025-01-02,Debit,active
A0000731,C000731,2025-11-27,Debit,active
A0000732,C000732,2024-08-30,Credit,active
A0000733,C000733,2025-09-28,Credit,active
A0000734,C000734,2025-05-29,Credit,active
A0000735,C000735,2025-07-30,Debit,active
A0000736,C000736,2024-12-16,Credit,active
A0000737,C000737,2024-05-16,Credit,active
A0000738,C000738,2023-12-25,Debit,active
A0000739,C000739,2024-05-28,Debit,active
A0000740,C000740,2024-04-20,Credit,active
A0000741,C000741,2023-08-14,Credit,active
A0000742,C000742,2023-11-04,Debit,active
A0000743,C000743,2024-11-03,Debit,active
A0000744,C000744,2024-09-18,Prepaid,active
A0000745,C000745,2024-06-17,Debit,active
A0000746,C000746,2024-10-25,Debit,active
A0000747,C000747,2024-02-10,Prepaid,active
A0000748,C000748,2024-06-03,Debit,active
A0000749,C000749,2024-05-13,Debit,active
A0000750,C000750,2024-04-02,Credit,active
A0000751,C000751,2024-10-07,Credit,active
A0000752,C000752,2023-09-26,Prepaid,active
A0000753,C000753,2024-01-10,Debit,active
A0000754,C000754,2024-07-18,Credit,active
A0000755,C000755,2024-03-10,Prepaid,active
A0000756,C000756,2025-10-28,Debit,active
A0000757,C000757,2025-05-23,Credit,active
A0000758,C000758,2025-08-02,Debit,active
A0000759,C000759,2025-06-15,Prepaid,active
A0000760,C000760,2025-04-02,Debit,active
A0000761,C000761,2025-07-19,Debit,active
A0000762,C000762,2025-04-13,Credit,active
A0000763,C000763,2024-04-20,Credit,active
A0000764,C000764,2024-05-08,Debit,active
A0000765,C000765,2024-01-17,Debit,active
A0000766,C000766,2025-01-10,Credit,active
A0000767,C000767,2025-02-28,Debit,active
A0000768,C000768,2024-12-17,Debit,active
A0000769,C000769,2023-07-21,Debit,active
A0000770,C000770,2024-09-18,Credit,active
A0000771,C000771,2025-08-22,Debit,active
A0000772,C000772,2025-04-04,Credit,active
A0000773,C000773,2023-12-23,Credit,active
A0000774,C000774,2025-07-17,Debit,active
A0000775,C000775,2023-07-19,Debit,active
A0000776,C000776,2025-01-31,Credit,active
A0000777,C000777,2025-01-22,Debit,active
A0000778,C000778,2024-11-06,Debit,active
A0000779,C000779,2025-05-29,Debit,active
A0000780,C000780,2025-01-08,Credit,active
A0000781,C000781,2024-09-27,Debit,active
A0000782,C000782,2023-10-07,Prepaid,active
A0000783,C000783,2023-11-30,Debit,active
A0000784,C000784,2024-12-04,Prepaid,active
A0000785,C000785,2024-06-19,Credit,active
A0000786,C000786,2025-07-17,Debit,active
A0000787,C000787,2024-10-04,Credit,active
A0000788,C000788,2023-12-15,Credit,active
A0000789,C000789,2024-07-25,Debit,active
A0000790,C000790,2023-12-30,Prepaid,active
A0000791,C000791,2025-04-12,Prepaid,active
A0000792,C000792,2025-03-10,Credit,active
A0000793,C000793,2024-10-11,Credit,active
A0000794,C000794,2024-07-07,Debit,active
A0000795,C000795,2024-10-12,Debit,active
A0000796,C000796,2025-08-25,Credit,active
A0000797,C000797,2024-12-31,Credit,active
A0000798,C000798,2024-12-26,Debit,active
A0000799,C000799,2024-09-18,Debit,active
A0000800,C000800,2024-06-28,Debit,active
A0000801,C000801,2025-02-15,Debit,active
A0000802,C000802,2024-10-24,Prepaid,active
A0000803,C000803,2024-03-27,Credit,active
A0000804,C000804,2023-08-30,Credit,active
A0000805,C000805,2025-09-07,Credit,active
A0000806,C000806,2023-11-17,Credit,active
A0000807,C000807,2024-03-05,Credit,active
A0000808,C000808,2024-12-18,Debit,active
A0000809,C000809,2024-08-10,Credit,active
A0000810,C000810,2024-09-18,Credit,active
A0000811,C000811,2025-11-10,Credit,active
A0000812,C000812,2023-07-23,Debit,active
A0000813,C000813,2024-11-09,Credit,active
A0000814,C000814,2025-10-24,Credit,active
A0000815,C000815,2025-05-25,Debit,active
A0000816,C000816,2024-09-16,Credit,active
A0000817,C000817,2023-07-30,Debit,active
A0000818,C000818,2024-07-12,Credit,active
A0000819,C000819,2024-04-07,Credit,active
A0000820,C000820,2023-10-25,Debit,active
A0000821,C000821,2024-04-09,Debit,active
A0000822,C000822,2024-09-29,Prepaid,active
A0000823,C000823,2024-12-14,Debit,active
A0000824,C000824,2024-12-11,Credit,active
A0000825,C000825,2025-05-13,Debit,active
A0000826,C000826,2025-04-24,Debit,active
A0000827,C000827,2024-04-13,Debit,active
A0000828,C000828,2025-09-02,Debit,active
A0000829,C000829,2024-06-25,Debit,active
A0000830,C000830,2024-11-16,Debit,active
A0000831,C000831,2025-11-02,Debit,active
A0000832,C000832,2025-09-14,Credit,active
A0000833,C000833,2023-10-09,Debit,active
A0000834,C000834,2023-11-15,Credit,active
A0000835,C000835,2025-01-08,Debit,active
A0000836,C000836,2025-01-02,Prepaid,active
A0000837,C000837,2023-11-20,Credit,active
A0000838,C000838,2024-10-13,Credit,active
A0000839,C000839,2023-10-17,Debit,active
A0000840,C000840,2024-04-23,Credit,active
A0000841,C000841,2025-08-11,Debit,active
A0000842,C000842,2023-11-22,Debit,active
A0000843,C000843,2023-08-22,Credit,active
A0000844,C000844,2025-08-23,Credit,active
A0000845,C000845,2025-11-29,Prepaid,active
A0000846,C000846,2024-02-10,Credit,active
A0000847,C000847,2025-05-28,Debit,active
A0000848,C000848,2024-08-17,Debit,active
A0000849,C000849,2025-03-02,Debit,active
A0000850,C000850,2025-04-18,Debit,active
A0000851,C000851,2024-04-17,Debit,active
A0000852,C000852,2025-04-30,Credit,active
A0000853,C000853,2023-12-21,Debit,active
A0000854,C000854,2024-12-13,Credit,active
A0000855,C000855,2025-11-24,Credit,active
A0000856,C000856,2023-11-05,Debit,active
A0000857,C000857,2024-03-23,Debit,active
A0000858,C000858,2024-08-17,Debit,active
A0000859,C000859,2025-08-24,Debit,active
A0000860,C000860,2024-05-06,Debit,active
A0000861,C000861,2025-11-18,Debit,active
A0000862,C000862,2025-03-01,Prepaid,active
A0000863,C000863,2025-01-17,Credit,active
A0000864,C000864,2024-03-11,Debit,active
A0000865,C000865,2023-11-16,Prepaid,active
A0000866,C000866,2024-12-23,Credit,active
A0000867,C000867,2024-02-11,Debit,active
A0000868,C000868,2024-12-23,Credit,active
A0000869,C000869,2024-03-05,Credit,active
A0000870,C000870,2025-06-13,Debit,active
A0000871,C000871,2024-11-29,Debit,active
A0000872,C000872,2023-12-27,Credit,active
A0000873,C000873,2025-01-31,Prepaid,active
A0000874,C000874,2025-02-20,Credit,active
A0000875,C000875,2025-03-08,Debit,active
A0000876,C000876,2024-08-14,Credit,active
A0000877,C000877,2024-03-26,Prepaid,active
A0000878,C000878,2024-01-08,Debit,active
A0000879,C000879,2025-01-20,Debit,active
A0000880,C000880,2025-06-17,Credit,active
A0000881,C000881,2023-08-09,Debit,active
A0000882,C000882,2025-06-21,Credit,active
A0000883,C000883,2024-09-30,Credit,active
A0000884,C000884,2025-04-21,Prepaid,active
A0000885,C000885,2024-08-09,Credit,active
A0000886,C000886,2023-08-21,Credit,active
A0000887,C000887,2023-09-27,Debit,active
A0000888,C000888,2024-10-10,Debit,active
A0000889,C000889,2024-06-29,Credit,active
A0000890,C000890,2024-04-06,Debit,active
A0000891,C000891,2025-10-15,Debit,active
A0000892,C000892,2025-05-01,Credit,active
A0000893,C000893,2023-10-12,Credit,active
A0000894,C000894,2024-01-20,Debit,active
A0000895,C000895,2024-03-30,Credit,active
A0000896,C000896,2025-10-12,Credit,active
A0000897,C000897,2025-05-16,Debit,active
A0000898,C000898,2024-12-12,Prepaid,active
A0000899,C000899,2025-06-25,Debit,active
A0000900,C000900,2024-09-16,Credit,active
A0000901,C000901,2024-11-04,Credit,active
A0000902,C000902,2025-04-18,Prepaid,active
A0000903,C000903,2024-05-15,Credit,active
A0000904,C000904,2023-08-11,Debit,active
A0000905,C000905,2024-05-29,Debit,active
A0000906,C000906,2024-02-16,Debit,active
A0000907,C000907,2024-08-13,Debit,active
A0000908,C000908,2025-05-25,Credit,active
A0000909,C000909,2025-03-15,Credit,active
A0000910,C000910,2024-09-20,Prepaid,active
A0000911,C000911,2024-03-28,Debit,active
A0000912,C000912,2025-01-01,Debit,active
A0000913,C000913,2024-10-15,Debit,active
A0000914,C000914,2025-06-13,Debit,active
A0000915,C000915,2024-07-17,Debit,active
A0000916,C000916,2023-11-23,Debit,active
A0000917,C000917,2023-12-30,Debit,active
A0000918,C000918,2024-01-28,Credit,active
A0000919,C000919,2025-11-29,Debit,active
A0000920,C000920,2023-11-20,Credit,active
A0000921,C000921,2023-07-31,Prepaid,active
A0000922,C000922,2024-08-22,Debit,active
A0000923,C000923,2023-11-11,Debit,active
A0000924,C000924,2025-01-16,Debit,active
A0000925,C000925,2025-05-19,Debit,active
A0000926,C000926,2024-01-09,Credit,active
A0000927,C000927,2024-05-26,Debit,active
A0000928,C000928,2025-03-27,Debit,active
A0000929,C000929,2025-09-02,Credit,active
A0000930,C000930,2025-09-10,Credit,active
A0000931,C000931,2025-04-24,Debit,active
A0000932,C000932,2025-04-08,Prepaid,active
A0000933,C000933,2025-06-06,Credit,active
A0000934,C000934,2025-11-10,Credit,active
A0000935,C000935,2023-07-28,Credit,active
A0000936,C000936,2024-02-15,Debit,active
A0000937,C000937,2024-01-27,Credit,active
A0000938,C000938,2025-03-04,Credit,active
A0000939,C000939,2024-09-09,Debit,active
A0000940,C000940,2024-09-30,Prepaid,active
A0000941,C000941,2024-01-14,Debit,active
A0000942,C000942,2025-10-30,Credit,active
A0000943,C000943,2025-09-12,Credit,active
A0000944,C000944,2025-08-28,Credit,active
A0000945,C000945,2025-09-30,Credit,active
A0000946,C000946,2023-11-27,Debit,active
A0000947,C000947,2023-12-29,Credit,active
A0000948,C000948,2024-04-04,Debit,active
A0000949,C000949,2025-09-04,Credit,active
A0000950,C000950,2025-09-01,Debit,active
A0000951,C000951,2024-08-08,Debit,active
A0000952,C000952,2024-05-22,Credit,active
A0000953,C000953,2024-06-12,Credit,active
A0000954,C000954,2024-10-02,Debit,active
A0000955,C000955,2024-03-09,Credit,active
A0000956,C000956,2025-01-10,Credit,active
A0000957,C000957,2023-07-30,Credit,active
A0000958,C000958,2025-10-20,Credit,active
A0000959,C000959,2023-10-23,Credit,active
A0000960,C000960,2024-07-19,Debit,active
A0000961,C000961,2023-10-11,Credit,active
A0000962,C000962,2024-04-02,Credit,active
A0000963,C000963,2024-03-11,Credit,active
A0000964,C000964,2025-03-16,Debit,active
A0000965,C000965,2024-02-23,Credit,active
A0000966,C000966,2025-04-20,Credit,active
A0000967,C000967,2023-12-02,Credit,active
A0000968,C000968,2025-09-09,Credit,active
A0000969,C000969,2024-12-27,Debit,active
A0000970,C000970,2023-09-20,Debit,active
A0000971,C000971,2025-08-31,Credit,active
A0000972,C000972,2025-09-28,Prepaid,active
A0000973,C000973,2024-07-03,Credit,active
A0000974,C000974,2024-06-14,Credit,active
A0000975,C000975,2025-10-17,Credit,active
A0000976,C000976,2023-07-31,Credit,active
A0000977,C000977,2025-08-04,Credit,active
A0000978,C000978,2024-04-27,Debit,active
A0000979,C000979,2025-09-26,Credit,active
A0000980,C000980,2025-11-14,Debit,active
A0000981,C000981,2025-03-30,Credit,active
A0000982,C000982,2024-10-06,Credit,active
A0000983,C000983,2024-06-10,Credit,active
A0000984,C000984,2025-11-04,Debit,active
A0000985,C000985,2024-07-22,Credit,active
A0000986,C000986,2025-05-27,Credit,active
A0000987,C000987,2025-06-14,Credit,active
A0000988,C000988,2024-02-21,Debit,active
A0000989,C000989,2024-02-12,Prepaid,active
A0000990,C000990,2025-03-23,Debit,active
A0000991,C000991,2025-05-04,Debit,active
A0000992,C000992,2024-02-18,Credit,active
A0000993,C000993,2025-10-02,Debit,active
A0000994,C000994,2025-09-01,Credit,active
A0000995,C000995,2023-08-22,Debit,active
A0000996,C000996,2025-02-11,Debit,active
A0000997,C000997,2024-01-29,Credit,active
A0000998,C000998,2025-11-14,Credit,active
A0000999,C000999,2023-08-18,Debit,active
A0001000,C001000,2025-01-19,Debit,active
A0001001,C001001,2023-10-11,Credit,active
A0001002,C001002,2025-06-12,Debit,active
A0001003,C001003,2024-03-22,Credit,active
A0001004,C001004,2024-02-17,Debit,active
A0001005,C001005,2024-06-19,Credit,active
A0001006,C001006,2023-08-24,Debit,active
A0001007,C001007,2023-07-17,Debit,active
A0001008,C001008,2025-11-10,Credit,active
A0001009,C001009,2025-03-28,Prepaid,active
A0001010,C001010,2024-06-05,Debit,active
A0001011,C001011,2025-10-30,Credit,active
A0001012,C001012,2023-09-28,Credit,active
A0001013,C001013,2024-05-04,Debit,active
A0001014,C001014,2024-11-16,Credit,active
A0001015,C001015,2025-03-31,Prepaid,active
A0001016,C001016,2025-06-18,Credit,active
A0001017,C001017,2024-01-14,Credit,active
A0001018,C001018,2025-10-03,Debit,active
A0001019,C001019,2023-08-13,Credit,active
A0001020,C001020,2024-06-13,Prepaid,active
A0001021,C001021,2024-04-30,Debit,active
A0001022,C001022,2025-03-24,Debit,active
A0001023,C001023,2024-02-23,Prepaid,active
A0001024,C001024,2025-07-14,Credit,active
A0001025,C001025,2025-03-12,Debit,active
A0001026,C001026,2025-05-06,Credit,active
A0001027,C001027,2025-02-26,Prepaid,active
A0001028,C001028,2025-07-21,Debit,active
A0001029,C001029,2025-08-18,Credit,active
A0001030,C001030,2025-11-01,Prepaid,active
A0001031,C001031,2025-05-29,Credit,active
A0001032,C001032,2024-09-06,Debit,active
A0001033,C001033,2025-05-06,Credit,active
A0001034,C001034,2023-10-29,Debit,active
A0001035,C001035,2024-02-26,Credit,active
A0001036,C001036,2025-10-28,Debit,active
A0001037,C001037,2023-11-29,Credit,active
A0001038,C001038,2025-04-24,Prepaid,active
A0001039,C001039,2025-03-29,Debit,active
A0001040,C001040,2024-07-08,Debit,active
A0001041,C001041,2025-12-02,Debit,active
A0001042,C001042,2023-09-22,Debit,active
A0001043,C001043,2025-05-03,Credit,active
A0001044,C001044,2023-10-12,Prepaid,active
A0001045,C001045,2023-09-13,Credit,active
A0001046,C001046,2024-04-06,Credit,active
A0001047,C001047,2024-06-17,Prepaid,active
A0001048,C001048,2024-05-05,Debit,active
A0001049,C001049,2024-10-29,Debit,active
A0001050,C001050,2025-05-24,Credit,active
A0001051,C001051,2025-02-02,Debit,active
A0001052,C001052,2023-11-16,Debit,active
A0001053,C001053,2024-02-23,Prepaid,active
A0001054,C001054,2024-10-03,Credit,active
A0001055,C001055,2023-11-14,Credit,active
A0001056,C001056,2025-10-26,Credit,active
A0001057,C001057,2025-07-24,Credit,active
A0001058,C001058,2024-12-31,Debit,active
A0001059,C001059,2023-08-15,Prepaid,active
A0001060,C001060,2025-06-16,Credit,active
A0001061,C001061,2025-04-15,Debit,active
A0001062,C001062,2025-04-25,Prepaid,active
A0001063,C001063,2024-10-18,Prepaid,active
A0001064,C001064,2025-06-23,Prepaid,active
A0001065,C001065,2025-01-29,Credit,active
A0001066,C001066,2023-10-17,Credit,active
A0001067,C001067,2025-09-08,Credit,active
A0001068,C001068,2024-09-28,Credit,active
A0001069,C001069,2025-06-16,Debit,active
A0001070,C001070,2024-02-12,Credit,active
A0001071,C001071,2025-04-21,Credit,active
A0001072,C001072,2024-10-06,Credit,active
A0001073,C001073,2024-12-25,Debit,active
A0001074,C001074,2024-09-20,Credit,active
A0001075,C001075,2025-10-18,Credit,active
A0001076,C001076,2023-09-11,Debit,active
A0001077,C001077,2025-07-28,Debit,active
A0001078,C001078,2025-03-09,Credit,active
A0001079,C001079,2024-04-26,Debit,active
A0001080,C001080,2024-02-29,Debit,active
A0001081,C001081,2023-09-05,Debit,active
A0001082,C001082,2025-07-21,Debit,active
A0001083,C001083,2024-05-25,Credit,active
A0001084,C001084,2024-03-28,Credit,active
A0001085,C001085,2024-01-10,Credit,active
A0001086,C001086,2023-11-17,Prepaid,active
A0001087,C001087,2025-09-22,Credit,active
A0001088,C001088,2024-04-10,Credit,active
A0001089,C001089,2024-11-17,Debit,active
A0001090,C001090,2025-05-22,Debit,active
A0001091,C001091,2023-11-04,Debit,active
A0001092,C001092,2025-01-31,Prepaid,active
A0001093,C001093,2024-09-25,Debit,active
A0001094,C001094,2024-06-15,Debit,active
A0001095,C001095,2025-01-26,Debit,active
A0001096,C001096,2025-04-30,Debit,active
A0001097,C001097,2025-01-03,Debit,active
A0001098,C001098,2024-12-03,Prepaid,active
A0001099,C001099,2024-11-22,Debit,active
A0001100,C001100,2024-05-15,Debit,active
A0001101,C001101,2023-12-06,Credit,active
A0001102,C001102,2025-04-03,Debit,active
A0001103,C001103,2023-12-12,Debit,active
A0001104,C001104,2024-03-07,Debit,active
A0001105,C001105,2024-02-27,Credit,active
A0001106,C001106,2023-10-05,Debit,active
A0001107,C001107,2023-07-26,Debit,active
A0001108,C001108,2025-09-01,Debit,active
A0001109,C001109,2024-02-25,Credit,active
A0001110,C001110,2025-04-07,Debit,active
A0001111,C001111,2025-07-13,Debit,active
A0001112,C001112,2025-08-13,Debit,active
A0001113,C001113,2025-06-23,Prepaid,active
A0001114,C001114,2023-08-20,Debit,active
A0001115,C001115,2024-03-21,Debit,active
A0001116,C001116,2025-04-16,Debit,active
A0001117,C001117,2024-07-11,Credit,active
A0001118,C001118,2025-04-05,Credit,active
A0001119,C001119,2025-01-16,Credit,active
A0001120,C001120,2024-10-22,Credit,active
A0001121,C001121,2023-08-03,Debit,active
A0001122,C001122,2025-10-15,Credit,active
A0001123,C001123,2024-01-25,Debit,active
A0001124,C001124,2025-11-11,Debit,active
A0001125,C001125,2025-09-10,Debit,active
A0001126,C001126,2024-09-19,Prepaid,active
A0001127,C001127,2025-04-27,Prepaid,active
A0001128,C001128,2024-11-18,Credit,active
A0001129,C001129,2023-07-23,Debit,active
A0001130,C001130,2025-03-23,Debit,active
A0001131,C001131,2024-04-30,Credit,active
A0001132,C001132,2025-06-05,Credit,active
A0001133,C001133,2025-06-17,Credit,active
A0001134,C001134,2025-08-09,Credit,active
A0001135,C001135,2023-07-23,Debit,active
A0001136,C001136,2024-07-08,Credit,active
A0001137,C001137,2025-02-03,Debit,active
A0001138,C001138,2024-07-22,Debit,active
A0001139,C001139,2024-09-05,Debit,active
A0001140,C001140,2024-08-15,Debit,active
A0001141,C001141,2024-12-03,Credit,active
A0001142,C001142,2024-07-17,Debit,active
A0001143,C001143,2025-06-06,Debit,active
A0001144,C001144,2025-07-25,Debit,active
A0001145,C001145,2024-10-20,Credit,active
A0001146,C001146,2023-09-20,Debit,active
A0001147,C001147,2023-12-11,Credit,active
A0001148,C001148,2024-07-27,Prepaid,active
A0001149,C001149,2024-06-08,Debit,active
A0001150,C001150,2024-09-29,Credit,active
A0001151,C001151,2025-10-31,Debit,active
A0001152,C001152,2025-01-29,Credit,active
A0001153,C001153,2024-10-31,Debit,active
A0001154,C001154,2023-11-14,Prepaid,active
A0001155,C001155,2025-07-29,Credit,active
A0001156,C001156,2024-02-04,Credit,active
A0001157,C001157,2025-10-11,Debit,active
A0001158,C001158,2024-07-10,Credit,active
A0001159,C001159,2024-01-19,Credit,active
A0001160,C001160,2025-10-17,Debit,active
A0001161,C001161,2023-09-01,Debit,active
A0001162,C001162,2024-01-31,Debit,active
A0001163,C001163,2025-06-17,Debit,active
A0001164,C001164,2024-07-22,Prepaid,active
A0001165,C001165,2023-08-19,Credit,active
A0001166,C001166,2025-08-15,Debit,active
A0001167,C001167,2024-01-04,Debit,active
A0001168,C001168,2023-08-03,Debit,active
A0001169,C001169,2024-10-01,Debit,active
A0001170,C001170,2023-08-12,Debit,active
A0001171,C001171,2024-12-29,Credit,active
A0001172,C001172,2025-10-04,Credit,active
A0001173,C001173,2024-06-02,Credit,active
A0001174,C001174,2025-02-15,Debit,active
A0001175,C001175,2025-07-04,Debit,active
A0001176,C001176,2023-08-27,Debit,active
A0001177,C001177,2025-11-16,Debit,active
A0001178,C001178,2024-11-24,Credit,active
A0001179,C001179,2024-06-12,Debit,active
A0001180,C001180,2024-09-11,Debit,active
A0001181,C001181,2023-12-09,Debit,active
A0001182,C001182,2025-04-11,Credit,active
A0001183,C001183,2024-08-20,Debit,active
A0001184,C001184,2024-03-02,Prepaid,active
A0001185,C001185,2024-08-16,Debit,active
A0001186,C001186,2024-06-05,Debit,active
A0001187,C001187,2024-02-19,Debit,active
A0001188,C001188,2023-09-07,Prepaid,active
A0001189,C001189,2024-05-06,Credit,active
A0001190,C001190,2025-03-09,Credit,active
A0001191,C001191,2024-05-19,Credit,active
A0001192,C001192,2025-08-09,Debit,active
A0001193,C001193,2025-03-14,Debit,active
A0001194,C001194,2023-09-01,Credit,active
A0001195,C001195,2025-10-08,Credit,active
A0001196,C001196,2025-03-29,Credit,active
A0001197,C001197,2024-01-09,Debit,active
A0001198,C001198,2025-07-20,Credit,active
A0001199,C001199,2023-08-09,Credit,active
A0001200,C001200,2023-08-25,Prepaid,active
A0001201,C001201,2025-11-24,Debit,active
A0001202,C001202,2024-12-07,Debit,active
A0001203,C001203,2024-01-25,Debit,active
A0001204,C001204,2024-06-27,Debit,active
A0001205,C001205,2024-05-14,Credit,active
A0001206,C001206,2025-11-26,Debit,active
A0001207,C001207,2024-03-04,Credit,active
A0001208,C001208,2024-05-27,Debit,active
A0001209,C001209,2024-02-05,Debit,active
A0001210,C001210,2024-02-25,Debit,active
A0001211,C001211,2023-12-15,Debit,active
A0001212,C001212,2025-04-10,Prepaid,active
A0001213,C001213,2024-06-20,Debit,active
A0001214,C001214,2025-06-17,Credit,active
A0001215,C001215,2025-01-20,Debit,active
A0001216,C001216,2025-07-14,Prepaid,active
A0001217,C001217,2025-08-03,Credit,active
A0001218,C001218,2024-08-04,Prepaid,active
A0001219,C001219,2025-10-29,Debit,active
A0001220,C001220,2023-10-22,Debit,active
A0001221,C001221,2023-08-20,Credit,active
A0001222,C001222,2024-04-22,Debit,active
A0001223,C001223,2024-08-06,Credit,active
A0001224,C001224,2025-04-18,Debit,active
A0001225,C001225,2025-02-08,Credit,active
A0001226,C001226,2025-01-10,Credit,active
A0001227,C001227,2023-12-02,Credit,active
A0001228,C001228,2025-07-16,Debit,active
A0001229,C001229,2023-10-03,Credit,active
A0001230,C001230,2025-01-10,Credit,active
A0001231,C001231,2025-04-07,Credit,active
A0001232,C001232,2025-01-28,Debit,active
A0001233,C001233,2025-03-22,Debit,active
A0001234,C001234,2024-04-25,Debit,active
A0001235,C001235,2025-05-20,Prepaid,active
A0001236,C001236,2024-12-18,Prepaid,active
A0001237,C001237,2025-10-24,Debit,active
A0001238,C001238,2023-09-29,Debit,active
A0001239,C001239,2025-02-25,Prepaid,active
A0001240,C001240,2025-09-10,Debit,active
A0001241,C001241,2024-06-02,Credit,active
A0001242,C001242,2024-01-27,Debit,active
A0001243,C001243,2023-09-06,Credit,active
A0001244,C001244,2024-07-27,Debit,active
A0001245,C001245,2025-09-17,Prepaid,active
A0001246,C001246,2025-10-29,Credit,active
A0001247,C001247,2024-12-19,Debit,active
A0001248,C001248,2025-08-31,Debit,active
A0001249,C001249,2023-12-29,Credit,active
A0001250,C001250,2025-02-06,Debit,active
A0001251,C001251,2024-10-03,Prepaid,active
A0001252,C001252,2025-10-18,Credit,active
A0001253,C001253,2024-05-31,Credit,active
A0001254,C001254,2025-08-26,Debit,active
A0001255,C001255,2024-03-20,Debit,active
A0001256,C001256,2025-06-29,Prepaid,active
A0001257,C001257,2025-09-12,Prepaid,active
A0001258,C001258,2023-08-04,Debit,active
A0001259,C001259,2024-04-10,Credit,active
A0001260,C001260,2024-09-07,Debit,active
A0001261,C001261,2023-08-09,Debit,active
A0001262,C001262,2025-04-08,Debit,active
A0001263,C001263,2023-09-12,Credit,active
A0001264,C001264,2023-09-26,Debit,active
A0001265,C001265,2024-01-15,Credit,active
A0001266,C001266,2023-09-10,Debit,active
A0001267,C001267,2024-09-18,Credit,active
A0001268,C001268,2024-11-21,Credit,active
A0001269,C001269,2024-05-17,Credit,active
A0001270,C001270,2024-09-30,Debit,active
A0001271,C001271,2024-05-04,Debit,active
A0001272,C001272,2023-08-28,Credit,active
A0001273,C001273,2024-09-16,Debit,active
A0001274,C001274,2025-08-02,Debit,active
A0001275,C001275,2024-05-06,Credit,active
A0001276,C001276,2025-09-18,Debit,active
A0001277,C001277,2024-06-08,Credit,active
A0001278,C001278,2024-09-10,Credit,active
A0001279,C001279,2025-11-28,Prepaid,active
A0001280,C001280,2024-01-06,Credit,active
A0001281,C001281,2024-06-28,Debit,active
A0001282,C001282,2024-06-02,Prepaid,active
A0001283,C001283,2025-09-05,Debit,active
A0001284,C001284,2025-03-07,Debit,active
A0001285,C001285,2023-08-22,Prepaid,active
A0001286,C001286,2025-07-25,Debit,active
A0001287,C001287,2024-05-10,Credit,active
A0001288,C001288,2025-01-12,Debit,active
A0001289,C001289,2025-09-19,Debit,active
A0001290,C001290,2024-09-15,Debit,active
A0001291,C001291,2025-06-17,Debit,active
A0001292,C001292,2024-09-17,Credit,active
A0001293,C001293,2024-01-07,Debit,active
A0001294,C001294,2023-09-01,Debit,active
A0001295,C001295,2024-09-15,Debit,active
A0001296,C001296,2025-08-21,Debit,active
A0001297,C001297,2024-07-19,Credit,active
A0001298,C001298,2024-02-05,Credit,active
A0001299,C001299,2023-08-17,Debit,active
A0001300,C001300,2024-03-15,Credit,active
A0001301,C001301,2025-03-22,Debit,active
A0001302,C001302,2024-11-12,Debit,active
A0001303,C001303,2023-08-28,Debit,active
A0001304,C001304,2025-08-03,Debit,active
A0001305,C001305,2024-03-20,Credit,active
A0001306,C001306,2025-09-28,Credit,active
A0001307,C001307,2025-01-06,Debit,active
A0001308,C001308,2024-12-20,Credit,active
A0001309,C001309,2023-12-02,Credit,active
A0001310,C001310,2024-11-09,Credit,active
A0001311,C001311,2024-12-19,Debit,active
A0001312,C001312,2025-04-12,Credit,active
A0001313,C001313,2025-05-07,Debit,active
A0001314,C001314,2024-06-12,Credit,active
A0001315,C001315,2025-02-24,Credit,active
A0001316,C001316,2023-11-11,Debit,active
A0001317,C001317,2024-01-21,Prepaid,active
A0001318,C001318,2025-05-18,Credit,active
A0001319,C001319,2025-04-03,Prepaid,active
A0001320,C001320,2024-07-02,Debit,active
A0001321,C001321,2024-01-01,Debit,active
A0001322,C001322,2024-06-12,Credit,active
A0001323,C001323,2025-05-07,Credit,active
A0001324,C001324,2024-06-03,Debit,active
A0001325,C001325,2024-12-27,Prepaid,active
A0001326,C001326,2025-08-31,Debit,active
A0001327,C001327,2023-10-06,Prepaid,active
A0001328,C001328,2025-03-01,Prepaid,active
A0001329,C001329,2023-08-08,Credit,active
A0001330,C001330,2025-04-12,Debit,active
A0001331,C001331,2023-08-29,Debit,active
A0001332,C001332,2023-12-31,Debit,active
A0001333,C001333,2024-06-24,Debit,active
A0001334,C001334,2023-08-24,Debit,active
A0001335,C001335,2024-03-23,Credit,active
A0001336,C001336,2025-08-28,Credit,active
A0001337,C001337,2024-12-28,Debit,active
A0001338,C001338,2024-01-17,Credit,active
A0001339,C001339,2024-06-14,Credit,active
A0001340,C001340,2024-11-27,Credit,active
A0001341,C001341,2024-08-27,Debit,active
A0001342,C001342,2025-06-20,Credit,active
A0001343,C001343,2024-09-20,Debit,active
A0001344,C001344,2025-07-02,Prepaid,active
A0001345,C001345,2024-04-19,Credit,active
A0001346,C001346,2024-07-02,Credit,active
A0001347,C001347,2024-10-21,Debit,active
A0001348,C001348,2024-04-03,Debit,active
A0001349,C001349,2024-04-06,Credit,active
A0001350,C001350,2025-09-26,Debit,active
A0001351,C001351,2025-11-09,Debit,active
A0001352,C001352,2025-04-28,Credit,active
A0001353,C001353,2024-07-07,Credit,active
A0001354,C001354,2023-10-01,Debit,active
A0001355,C001355,2025-07-22,Credit,active
A0001356,C001356,2024-06-12,Debit,active
A0001357,C001357,2024-10-28,Credit,active
A0001358,C001358,2024-06-22,Debit,active
A0001359,C001359,2025-04-05,Credit,active
A0001360,C001360,2024-08-25,Credit,active
A0001361,C001361,2025-08-04,Credit,active
A0001362,C001362,2025-10-22,Debit,active
A0001363,C001363,2024-12-27,Credit,active
A0001364,C001364,2024-12-14,Debit,active
A0001365,C001365,2023-12-09,Debit,active
A0001366,C001366,2025-08-18,Debit,active
A0001367,C001367,2024-05-29,Debit,active
A0001368,C001368,2025-04-18,Debit,active
A0001369,C001369,2023-09-06,Credit,active
A0001370,C001370,2024-03-03,Prepaid,active
A0001371,C001371,2025-10-09,Credit,active
A0001372,C001372,2025-11-11,Debit,active
A0001373,C001373,2025-07-16,Debit,active
A0001374,C001374,2025-01-24,Credit,active
A0001375,C001375,2025-09-27,Prepaid,active
A0001376,C001376,2023-08-08,Debit,active
A0001377,C001377,2025-05-19,Debit,active
A0001378,C001378,2024-10-12,Debit,active
A0001379,C001379,2025-09-03,Credit,active
A0001380,C001380,2024-07-10,Debit,active
A0001381,C001381,2025-04-20,Credit,active
A0001382,C001382,2024-02-23,Debit,active
A0001383,C001383,2023-10-19,Credit,active
A0001384,C001384,2024-06-12,Credit,active
A0001385,C001385,2024-11-30,Debit,active
A0001386,C001386,2025-09-19,Credit,active
A0001387,C001387,2024-07-11,Debit,active
A0001388,C001388,2024-03-19,Debit,active
A0001389,C001389,2025-08-07,Credit,active
A0001390,C001390,2023-08-23,Credit,active
A0001391,C001391,2025-01-10,Debit,active
A0001392,C001392,2024-05-23,Debit,active
A0001393,C001393,2025-07-29,Debit,active
A0001394,C001394,2025-08-06,Credit,active
A0001395,C001395,2025-03-04,Credit,active
A0001396,C001396,2024-08-03,Credit,active
A0001397,C001397,2024-08-12,Credit,active
A0001398,C001398,2025-07-17,Debit,active
A0001399,C001399,2024-02-04,Credit,active
A0001400,C001400,2025-02-17,Credit,active
A0001401,C001401,2025-11-02,Debit,active
A0001402,C001402,2024-07-15,Credit,active
A0001403,C001403,2025-02-25,Credit,active
A0001404,C001404,2025-08-25,Credit,active
A0001405,C001405,2025-02-06,Credit,active
A0001406,C001406,2024-04-08,Credit,active
A0001407,C001407,2023-09-10,Credit,active
A0001408,C001408,2024-06-27,Credit,active
A0001409,C001409,2025-02-08,Debit,active
A0001410,C001410,2024-08-29,Prepaid,active
A0001411,C001411,2025-02-12,Credit,active
A0001412,C001412,2023-08-01,Credit,active
A0001413,C001413,2025-08-03,Debit,active
A0001414,C001414,2024-06-06,Credit,active
A0001415,C001415,2024-06-09,Debit,active
A0001416,C001416,2024-02-03,Credit,active
A0001417,C001417,2023-11-02,Debit,active
A0001418,C001418,2025-11-05,Credit,active
A0001419,C001419,2025-11-22,Credit,active
A0001420,C001420,2025-05-04,Credit,active
A0001421,C001421,2025-10-20,Credit,active
A0001422,C001422,2024-12-24,Credit,active
A0001423,C001423,2024-02-01,Credit,active
A0001424,C001424,2023-10-03,Credit,active
A0001425,C001425,2025-07-22,Debit,active
A0001426,C001426,2024-04-22,Debit,active
A0001427,C001427,2023-09-24,Credit,active
A0001428,C001428,2024-09-24,Credit,active
A0001429,C001429,2025-06-18,Credit,active
A0001430,C001430,2023-08-19,Credit,active
A0001431,C001431,2025-01-02,Credit,active
A0001432,C001432,2025-10-30,Debit,active
A0001433,C001433,2025-04-18,Debit,active
A0001434,C001434,2024-07-07,Credit,active
A0001435,C001435,2025-02-10,Credit,active
A0001436,C001436,2024-08-04,Prepaid,active
A0001437,C001437,2025-03-30,Debit,active
A0001438,C001438,2024-01-10,Debit,active
A0001439,C001439,2024-07-18,Credit,active
A0001440,C001440,2024-03-29,Debit,active
A0001441,C001441,2024-12-05,Debit,active
A0001442,C001442,2025-11-22,Credit,active
A0001443,C001443,2023-11-03,Prepaid,active
A0001444,C001444,2024-01-09,Debit,active
A0001445,C001445,2025-04-08,Debit,active
A0001446,C001446,2024-11-27,Debit,active
A0001447,C001447,2024-08-18,Debit,active
A0001448,C001448,2025-02-04,Debit,active
A0001449,C001449,2024-06-30,Credit,active
A0001450,C001450,2023-08-30,Debit,active
A0001451,C001451,2024-03-17,Credit,active
A0001452,C001452,2024-09-13,Debit,active
A0001453,C001453,2025-07-03,Credit,active
A0001454,C001454,2025-01-19,Debit,active
A0001455,C001455,2025-02-22,Prepaid,active
A0001456,C001456,2024-05-12,Credit,active
A0001457,C001457,2024-02-09,Debit,active
A0001458,C001458,2025-04-01,Debit,active
A0001459,C001459,2024-02-13,Debit,active
A0001460,C001460,2024-02-15,Credit,active
A0001461,C001461,2024-01-04,Credit,active
A0001462,C001462,2024-12-20,Credit,active
A0001463,C001463,2025-07-15,Debit,active
A0001464,C001464,2023-09-04,Credit,active
A0001465,C001465,2023-09-02,Debit,active
A0001466,C001466,2023-11-17,Credit,active
A0001467,C001467,2024-06-09,Debit,active
A0001468,C001468,2024-05-03,Debit,active
A0001469,C001469,2024-01-12,Debit,active
A0001470,C001470,2024-12-07,Debit,active
A0001471,C001471,2024-09-22,Debit,active
A0001472,C001472,2025-03-17,Debit,active
A0001473,C001473,2025-01-04,Credit,active
A0001474,C001474,2024-11-13,Credit,active
A0001475,C001475,2024-03-08,Debit,active
A0001476,C001476,2023-10-14,Debit,active
A0001477,C001477,2024-10-03,Credit,active
A0001478,C001478,2024-06-21,Credit,active
A0001479,C001479,2023-09-06,Credit,active
A0001480,C001480,2023-12-15,Prepaid,active
A0001481,C001481,2023-08-13,Debit,active
A0001482,C001482,2023-09-28,Debit,active
A0001483,C001483,2023-10-12,Debit,active
A0001484,C001484,2025-01-21,Debit,active
A0001485,C001485,2025-08-07,Credit,active
A0001486,C001486,2025-09-07,Debit,active
A0001487,C001487,2025-05-30,Credit,active
A0001488,C001488,2025-10-06,Credit,active
A0001489,C001489,2024-09-22,Debit,active
A0001490,C001490,2024-07-23,Credit,active
A0001491,C001491,2025-06-27,Credit,active
A0001492,C001492,2025-03-31,Credit,active
A0001493,C001493,2025-03-11,Debit,active
A0001494,C001494,2024-06-27,Prepaid,active
A0001495,C001495,2025-01-13,Debit,active
A0001496,C001496,2023-08-10,Debit,active
A0001497,C001497,2025-09-04,Prepaid,active
A0001498,C001498,2025-09-17,Credit,active
A0001499,C001499,2024-06-05,Debit,active
A0001500,C001500,2024-05-08,Credit,active
A0001501,C001501,2025-07-29,Debit,active
A0001502,C001502,2024-02-19,Credit,active
A0001503,C001503,2024-06-02,Credit,active
A0001504,C001504,2025-06-14,Debit,active
A0001505,C001505,2023-10-10,Credit,active
A0001506,C001506,2023-07-31,Credit,active
A0001507,C001507,2025-03-28,Credit,active
A0001508,C001508,2023-12-13,Debit,active
A0001509,C001509,2024-11-18,Debit,active
A0001510,C001510,2025-06-09,Credit,active
A0001511,C001511,2025-06-23,Credit,active
A0001512,C001512,2023-12-30,Debit,active
A0001513,C001513,2024-10-30,Credit,active
A0001514,C001514,2024-04-16,Debit,active
A0001515,C001515,2023-10-24,Credit,active
A0001516,C001516,2025-11-30,Credit,active
A0001517,C001517,2025-08-26,Credit,active
A0001518,C001518,2025-10-23,Debit,active
A0001519,C001519,2023-08-24,Debit,active
A0001520,C001520,2024-03-20,Debit,active
A0001521,C001521,2024-08-08,Credit,active
A0001522,C001522,2025-01-28,Credit,active
A0001523,C001523,2024-09-11,Debit,active
A0001524,C001524,2024-04-23,Debit,active
A0001525,C001525,2024-04-18,Debit,active
A0001526,C001526,2025-10-09,Debit,active
A0001527,C001527,2023-11-12,Credit,active
A0001528,C001528,2024-01-17,Debit,active
A0001529,C001529,2024-12-25,Debit,active
A0001530,C001530,2024-10-23,Credit,active
A0001531,C001531,2024-05-26,Credit,active
A0001532,C001532,2024-09-04,Debit,active
A0001533,C001533,2025-09-10,Credit,active
A0001534,C001534,2023-12-28,Credit,active
A0001535,C001535,2024-10-11,Credit,active
A0001536,C001536,2024-03-02,Credit,active
A0001537,C001537,2025-11-17,Debit,active
A0001538,C001538,2024-04-10,Debit,active
A0001539,C001539,2024-03-13,Credit,active
A0001540,C001540,2025-06-28,Credit,active
A0001541,C001541,2024-04-07,Credit,active
A0001542,C001542,2025-05-04,Credit,active
A0001543,C001543,2024-09-19,Prepaid,active
A0001544,C001544,2023-08-15,Debit,active
A0001545,C001545,2024-03-14,Credit,active
A0001546,C001546,2025-06-01,Debit,active
A0001547,C001547,2025-01-05,Debit,active
A0001548,C001548,2024-11-04,Credit,active
A0001549,C001549,2024-12-25,Debit,active
A0001550,C001550,2023-07-29,Credit,active
A0001551,C001551,2023-12-20,Credit,active
A0001552,C001552,2024-09-26,Debit,active
A0001553,C001553,2024-09-18,Debit,active
A0001554,C001554,2025-02-25,Credit,active
A0001555,C001555,2025-01-06,Debit,active
A0001556,C001556,2025-03-10,Debit,active
A0001557,C001557,2024-12-31,Debit,active
A0001558,C001558,2025-10-01,Credit,active
A0001559,C001559,2025-06-21,Credit,active
A0001560,C001560,2024-10-25,Debit,active
A0001561,C001561,2023-12-10,Debit,active
A0001562,C001562,2023-10-31,Debit,active
A0001563,C001563,2024-01-28,Debit,active
A0001564,C001564,2025-04-10,Credit,active
A0001565,C001565,2024-12-27,Credit,active
A0001566,C001566,2025-10-31,Debit,active
A0001567,C001567,2024-10-16,Credit,active
A0001568,C001568,2025-02-11,Credit,active
A0001569,C001569,2025-02-02,Debit,active
A0001570,C001570,2024-05-05,Credit,active
A0001571,C001571,2024-01-31,Debit,active
A0001572,C001572,2024-05-15,Debit,active
A0001573,C001573,2024-10-02,Debit,active
A0001574,C001574,2024-06-29,Credit,active
A0001575,C001575,2023-08-26,Debit,active
A0001576,C001576,2025-10-13,Prepaid,active
A0001577,C001577,2024-08-25,Debit,active
A0001578,C001578,2024-11-27,Credit,active
A0001579,C001579,2025-05-21,Debit,active
A0001580,C001580,2024-09-01,Debit,active
A0001581,C001581,2024-09-03,Credit,active
A0001582,C001582,2024-02-13,Credit,active
A0001583,C001583,2023-12-05,Debit,active
A0001584,C001584,2025-11-07,Debit,active
A0001585,C001585,2023-12-13,Debit,active
A0001586,C001586,2025-07-30,Debit,active
A0001587,C001587,2025-05-14,Debit,active
A0001588,C001588,2023-08-21,Debit,active
A0001589,C001589,2025-08-31,Credit,active
A0001590,C001590,2023-12-05,Debit,active
A0001591,C001591,2024-09-16,Credit,active
A0001592,C001592,2024-07-11,Credit,active
A0001593,C001593,2024-07-09,Credit,active
A0001594,C001594,2024-03-26,Debit,active
A0001595,C001595,2025-03-06,Debit,active
A0001596,C001596,2024-03-15,Credit,active
A0001597,C001597,2024-10-30,Debit,active
A0001598,C001598,2024-09-01,Debit,active
A0001599,C001599,2025-09-26,Prepaid,active
A0001600,C001600,2025-07-03,Debit,active
A0001601,C001601,2024-02-02,Credit,active
A0001602,C001602,2023-11-06,Credit,active
A0001603,C001603,2023-07-17,Prepaid,active
A0001604,C001604,2025-03-13,Debit,active
A0001605,C001605,2025-10-19,Debit,active
A0001606,C001606,2025-05-03,Credit,active
A0001607,C001607,2023-07-28,Credit,active
A0001608,C001608,2023-12-25,Prepaid,active
A0001609,C001609,2025-09-04,Debit,active
A0001610,C001610,2023-12-01,Credit,active
A0001611,C001611,2025-11-07,Debit,active
A0001612,C001612,2024-07-02,Credit,active
A0001613,C001613,2024-05-16,Debit,active
A0001614,C001614,2024-04-26,Debit,active
A0001615,C001615,2023-09-03,Debit,active
A0001616,C001616,2025-07-26,Credit,active
A0001617,C001617,2023-10-30,Credit,active
A0001618,C001618,2023-12-23,Debit,active
A0001619,C001619,2024-05-27,Debit,active
A0001620,C001620,2024-09-13,Debit,active
A0001621,C001621,2024-12-26,Debit,active
A0001622,C001622,2024-12-14,Credit,active
A0001623,C001623,2024-02-16,Debit,active
A0001624,C001624,2025-01-02,Debit,active
A0001625,C001625,2024-11-15,Credit,active
A0001626,C001626,2025-06-26,Debit,active
A0001627,C001627,2025-01-27,Credit,active
A0001628,C001628,2025-07-11,Debit,active
A0001629,C001629,2023-10-22,Debit,active
A0001630,C001630,2023-11-14,Debit,active
A0001631,C001631,2024-07-19,Prepaid,active
A0001632,C001632,2024-08-26,Debit,active
A0001633,C001633,2024-08-17,Debit,active
A0001634,C001634,2024-08-18,Debit,active
A0001635,C001635,2025-10-26,Credit,active
A0001636,C001636,2025-06-14,Debit,active
A0001637,C001637,2023-12-26,Debit,active
A0001638,C001638,2024-10-02,Credit,active
A0001639,C001639,2025-06-29,Credit,active
A0001640,C001640,2024-04-10,Credit,active
A0001641,C001641,2024-08-19,Debit,active
A0001642,C001642,2025-08-19,Debit,active
A0001643,C001643,2025-01-14,Prepaid,active
A0001644,C001644,2023-10-06,Debit,active
A0001645,C001645,2024-11-17,Credit,active
A0001646,C001646,2024-06-03,Debit,active
A0001647,C001647,2025-06-27,Credit,active
A0001648,C001648,2024-07-01,Credit,active
A0001649,C001649,2025-03-11,Credit,active
A0001650,C001650,2025-10-04,Debit,active
A0001651,C001651,2024-03-21,Credit,active
A0001652,C001652,2024-10-20,Debit,active
A0001653,C001653,2024-05-30,Credit,active
A0001654,C001654,2025-08-19,Debit,active
A0001655,C001655,2024-11-08,Debit,active
A0001656,C001656,2024-04-14,Credit,active
A0001657,C001657,2025-01-27,Credit,active
A0001658,C001658,2023-12-22,Prepaid,active
A0001659,C001659,2025-02-24,Debit,active
A0001660,C001660,2024-08-01,Debit,active
A0001661,C001661,2024-04-03,Credit,active
A0001662,C001662,2024-08-24,Credit,active
A0001663,C001663,2025-10-28,Debit,active
A0001664,C001664,2025-04-13,Credit,active
A0001665,C001665,2023-12-11,Debit,active
A0001666,C001666,2024-10-20,Credit,active
A0001667,C001667,2024-06-01,Credit,active
A0001668,C001668,2024-01-18,Credit,active
A0001669,C001669,2025-09-21,Credit,active
A0001670,C001670,2024-04-15,Credit,active
A0001671,C001671,2025-07-15,Debit,active
A0001672,C001672,2024-07-22,Debit,active
A0001673,C001673,2024-01-04,Debit,active
A0001674,C001674,2025-07-08,Debit,active
A0001675,C001675,2024-12-22,Prepaid,active
A0001676,C001676,2023-12-24,Debit,active
A0001677,C001677,2024-09-30,Prepaid,active
A0001678,C001678,2025-09-19,Debit,active
A0001679,C001679,2023-08-21,Debit,active
A0001680,C001680,2023-09-14,Debit,active
A0001681,C001681,2024-12-16,Credit,active
A0001682,C001682,2023-10-05,Debit,active
A0001683,C001683,2023-09-01,Prepaid,active
A0001684,C001684,2023-09-14,Debit,active
A0001685,C001685,2023-09-14,Credit,active
A0001686,C001686,2025-05-06,Debit,active
A0001687,C001687,2023-10-19,Prepaid,active
A0001688,C001688,2024-10-24,Debit,active
A0001689,C001689,2024-02-07,Debit,active
A0001690,C001690,2025-05-11,Credit,active
A0001691,C001691,2024-10-02,Debit,active
A0001692,C001692,2024-02-16,Credit,active
A0001693,C001693,2025-03-06,Credit,active
A0001694,C001694,2025-11-29,Credit,active
A0001695,C001695,2025-03-02,Debit,active
A0001696,C001696,2024-09-07,Credit,active
A0001697,C001697,2024-10-31,Debit,active
A0001698,C001698,2023-10-07,Debit,active
A0001699,C001699,2023-11-02,Credit,active
A0001700,C001700,2024-01-07,Debit,active
A0001701,C001701,2023-09-21,Credit,active
A0001702,C001702,2024-12-07,Credit,active
A0001703,C001703,2024-01-27,Credit,active
A0001704,C001704,2025-10-12,Debit,active
A0001705,C001705,2025-10-18,Credit,active
A0001706,C001706,2023-08-13,Credit,active
A0001707,C001707,2023-11-02,Debit,active
A0001708,C001708,2025-06-30,Credit,active
A0001709,C001709,2024-12-19,Prepaid,active
A0001710,C001710,2025-02-18,Credit,active
A0001711,C001711,2025-03-15,Debit,active
A0001712,C001712,2023-10-02,Debit,active
A0001713,C001713,2023-08-24,Credit,active
A0001714,C001714,2024-08-25,Debit,active
A0001715,C001715,2025-01-29,Credit,active
A0001716,C001716,2024-09-27,Debit,active
A0001717,C001717,2023-09-04,Debit,active
A0001718,C001718,2025-07-28,Debit,active
A0001719,C001719,2023-08-07,Credit,active
A0001720,C001720,2023-09-20,Debit,active
A0001721,C001721,2023-10-02,Debit,active
A0001722,C001722,2025-08-17,Debit,active
A0001723,C001723,2023-12-08,Debit,active
A0001724,C001724,2024-10-03,Credit,active
A0001725,C001725,2025-10-11,Credit,active
A0001726,C001726,2025-06-29,Prepaid,active
A0001727,C001727,2024-11-28,Credit,active
A0001728,C001728,2024-10-28,Credit,active
A0001729,C001729,2025-04-30,Credit,active
A0001730,C001730,2024-04-14,Debit,active
A0001731,C001731,2025-05-24,Credit,active
A0001732,C001732,2023-10-27,Credit,active
A0001733,C001733,2024-08-12,Debit,active
A0001734,C001734,2025-09-26,Credit,active
A0001735,C001735,2024-12-13,Debit,active
A0001736,C001736,2025-06-25,Debit,active
A0001737,C001737,2023-10-13,Debit,active
A0001738,C001738,2024-08-12,Credit,active
A0001739,C001739,2024-04-24,Prepaid,active
A0001740,C001740,2024-07-26,Debit,active
A0001741,C001741,2025-09-21,Credit,active
A0001742,C001742,2024-08-19,Debit,active
A0001743,C001743,2025-01-10,Credit,active
A0001744,C001744,2025-02-03,Credit,active
A0001745,C001745,2025-06-04,Debit,active
A0001746,C001746,2024-10-11,Prepaid,active
A0001747,C001747,2025-03-02,Debit,active
A0001748,C001748,2025-02-15,Credit,active
A0001749,C001749,2025-05-13,Debit,active
A0001750,C001750,2023-09-27,Debit,active
A0001751,C001751,2024-02-04,Debit,active
A0001752,C001752,2025-02-24,Debit,active
A0001753,C001753,2023-08-30,Credit,active
A0001754,C001754,2025-08-26,Debit,active
A0001755,C001755,2025-09-15,Prepaid,active
A0001756,C001756,2024-10-06,Debit,active
A0001757,C001757,2025-04-23,Prepaid,active
A0001758,C001758,2023-10-23,Debit,active
A0001759,C001759,2024-06-05,Debit,active
A0001760,C001760,2024-06-03,Credit,active
A0001761,C001761,2023-08-06,Debit,active
A0001762,C001762,2025-08-04,Prepaid,active
A0001763,C001763,2025-08-29,Debit,active
A0001764,C001764,2025-04-09,Debit,active
A0001765,C001765,2025-04-11,Debit,active
A0001766,C001766,2023-12-28,Credit,active
A0001767,C001767,2024-10-04,Debit,active
A0001768,C001768,2023-11-26,Credit,active
A0001769,C001769,2024-12-14,Debit,active
A0001770,C001770,2025-03-12,Debit,active
A0001771,C001771,2024-12-20,Credit,active
A0001772,C001772,2025-06-14,Credit,active
A0001773,C001773,2024-02-07,Credit,active
A0001774,C001774,2024-09-28,Debit,active
A0001775,C001775,2024-02-29,Credit,active
A0001776,C001776,2025-11-26,Debit,active
A0001777,C001777,2024-10-11,Debit,active
A0001778,C001778,2025-08-02,Debit,active
A0001779,C001779,2024-06-21,Credit,active
A0001780,C001780,2024-04-10,Prepaid,active
A0001781,C001781,2024-09-12,Credit,active
A0001782,C001782,2024-02-26,Debit,active
A0001783,C001783,2024-02-10,Debit,active
A0001784,C001784,2024-03-09,Debit,active
A0001785,C001785,2025-09-08,Debit,active
A0001786,C001786,2025-02-02,Debit,active
A0001787,C001787,2025-05-13,Debit,active
A0001788,C001788,2024-05-19,Debit,active
A0001789,C001789,2024-10-18,Debit,active
A0001790,C001790,2024-09-11,Debit,active
A0001791,C001791,2024-01-03,Debit,active
A0001792,C001792,2025-07-28,Credit,active
A0001793,C001793,2025-11-30,Credit,active
A0001794,C001794,2023-09-28,Debit,active
A0001795,C001795,2025-11-28,Debit,active
A0001796,C001796,2025-11-12,Credit,active
A0001797,C001797,2025-07-04,Debit,active
A0001798,C001798,2025-05-17,Debit,active
A0001799,C001799,2024-09-02,Credit,active
A0001800,C001800,2025-10-07,Credit,active
A0001801,C001801,2025-10-03,Credit,active
A0001802,C001802,2025-05-30,Debit,active
A0001803,C001803,2023-11-24,Debit,active
A0001804,C001804,2025-09-03,Debit,active
A0001805,C001805,2025-05-25,Credit,active
A0001806,C001806,2024-03-05,Credit,active
A0001807,C001807,2023-10-04,Credit,active
A0001808,C001808,2023-12-25,Debit,active
A0001809,C001809,2024-05-09,Debit,active
A0001810,C001810,2024-07-29,Credit,active
A0001811,C001811,2024-07-28,Credit,active
A0001812,C001812,2025-10-25,Credit,active
A0001813,C001813,2024-03-10,Debit,active
A0001814,C001814,2024-08-25,Debit,active
A0001815,C001815,2024-07-20,Prepaid,active
A0001816,C001816,2025-10-06,Credit,active
A0001817,C001817,2024-03-05,Credit,active
A0001818,C001818,2025-09-20,Debit,active
A0001819,C001819,2025-06-13,Debit,active
A0001820,C001820,2023-11-18,Prepaid,active
A0001821,C001821,2024-08-01,Credit,active
A0001822,C001822,2024-11-18,Debit,active
A0001823,C001823,2025-04-14,Debit,active
A0001824,C001824,2023-11-24,Prepaid,active
A0001825,C001825,2024-10-19,Credit,active
A0001826,C001826,2024-08-26,Debit,active
A0001827,C001827,2023-08-18,Credit,active
A0001828,C001828,2024-09-05,Debit,active
A0001829,C001829,2025-01-20,Debit,active
A0001830,C001830,2023-10-31,Debit,active
A0001831,C001831,2024-03-17,Debit,active
A0001832,C001832,2024-10-28,Credit,active
A0001833,C001833,2023-07-23,Credit,active
A0001834,C001834,2024-11-28,Debit,active
A0001835,C001835,2023-09-09,Debit,active
A0001836,C001836,2025-02-28,Debit,active
A0001837,C001837,2024-12-16,Debit,active
A0001838,C001838,2025-04-19,Credit,active
A0001839,C001839,2024-04-28,Debit,active
A0001840,C001840,2025-06-08,Debit,active
A0001841,C001841,2025-09-09,Debit,active
A0001842,C001842,2024-12-13,Debit,active
A0001843,C001843,2025-09-07,Debit,active
A0001844,C001844,2025-10-21,Debit,active
A0001845,C001845,2025-09-13,Debit,active
A0001846,C001846,2025-11-28,Prepaid,active
A0001847,C001847,2024-11-30,Credit,active
A0001848,C001848,2025-11-21,Debit,active
A0001849,C001849,2025-03-14,Debit,active
A0001850,C001850,2025-11-13,Credit,active
A0001851,C001851,2025-07-27,Credit,active
A0001852,C001852,2025-11-16,Credit,active
A0001853,C001853,2023-12-08,Credit,active
A0001854,C001854,2025-06-25,Credit,active
A0001855,C001855,2024-01-04,Credit,active
A0001856,C001856,2025-09-29,Credit,active
A0001857,C001857,2025-02-08,Debit,active
A0001858,C001858,2024-07-31,Credit,active
A0001859,C001859,2023-08-20,Debit,active
A0001860,C001860,2024-07-13,Debit,active
A0001861,C001861,2024-08-22,Prepaid,active
A0001862,C001862,2025-09-30,Prepaid,active
A0001863,C001863,2025-07-15,Prepaid,active
A0001864,C001864,2025-11-21,Debit,active
A0001865,C001865,2024-04-27,Credit,active
A0001866,C001866,2025-11-24,Debit,active
A0001867,C001867,2024-05-25,Credit,active
A0001868,C001868,2024-10-19,Credit,active
A0001869,C001869,2024-10-04,Debit,active
A0001870,C001870,2024-01-15,Debit,active
A0001871,C001871,2025-07-06,Credit,active
A0001872,C001872,2024-04-14,Credit,active
A0001873,C001873,2023-07-30,Credit,active
A0001874,C001874,2024-03-17,Credit,active
A0001875,C001875,2023-09-13,Credit,active
A0001876,C001876,2024-10-29,Credit,active
A0001877,C001877,2023-11-23,Prepaid,active
A0001878,C001878,2025-05-07,Debit,active
A0001879,C001879,2024-02-27,Debit,active
A0001880,C001880,2024-06-07,Debit,active
A0001881,C001881,2025-06-24,Credit,active
A0001882,C001882,2025-06-03,Prepaid,active
A0001883,C001883,2025-02-10,Debit,active
A0001884,C001884,2024-10-04,Debit,active
A0001885,C001885,2025-01-31,Debit,active
A0001886,C001886,2024-12-31,Prepaid,active
A0001887,C001887,2025-07-30,Prepaid,active
A0001888,C001888,2025-07-08,Prepaid,active
A0001889,C001889,2024-09-26,Debit,active
A0001890,C001890,2023-10-17,Credit,active
A0001891,C001891,2023-10-17,Credit,active
A0001892,C001892,2025-08-31,Debit,active
A0001893,C001893,2025-10-10,Debit,active
A0001894,C001894,2023-10-09,Debit,active
A0001895,C001895,2024-03-29,Credit,active
A0001896,C001896,2023-10-13,Debit,active
A0001897,C001897,2025-04-02,Credit,active
A0001898,C001898,2024-10-19,Prepaid,active
A0001899,C001899,2024-02-15,Credit,active
A0001900,C001900,2024-05-16,Credit,active
A0001901,C001901,2024-01-24,Debit,active
A0001902,C001902,2023-08-13,Debit,active
A0001903,C001903,2024-12-01,Credit,active
A0001904,C001904,2025-09-25,Debit,active
A0001905,C001905,2023-10-17,Credit,active
A0001906,C001906,2025-01-24,Debit,active
A0001907,C001907,2023-09-20,Prepaid,active
A0001908,C001908,2024-02-09,Credit,active
A0001909,C001909,2024-12-13,Debit,active
A0001910,C001910,2024-08-01,Debit,active
A0001911,C001911,2025-02-03,Credit,active
A0001912,C001912,2025-10-03,Debit,active
A0001913,C001913,2023-10-02,Credit,active
A0001914,C001914,2025-05-27,Debit,active
A0001915,C001915,2025-09-07,Debit,active
A0001916,C001916,2024-08-08,Debit,active
A0001917,C001917,2025-08-31,Debit,active
A0001918,C001918,2025-06-30,Credit,active
A0001919,C001919,2023-11-18,Credit,active
A0001920,C001920,2024-12-22,Debit,active
A0001921,C001921,2023-10-08,Debit,active
A0001922,C001922,2023-08-14,Debit,active
A0001923,C001923,2024-03-21,Credit,active
A0001924,C001924,2024-02-22,Credit,active
A0001925,C001925,2024-05-05,Credit,active
A0001926,C001926,2025-11-25,Debit,active
A0001927,C001927,2024-03-25,Credit,active
A0001928,C001928,2025-02-05,Credit,active
A0001929,C001929,2025-08-30,Prepaid,active
A0001930,C001930,2025-11-14,Credit,active
A0001931,C001931,2024-06-07,Debit,active
A0001932,C001932,2023-11-11,Prepaid,active
A0001933,C001933,2025-09-03,Debit,active
A0001934,C001934,2023-07-20,Credit,active
A0001935,C001935,2024-09-22,Credit,active
A0001936,C001936,2023-12-14,Debit,active
A0001937,C001937,2024-09-17,Debit,active
A0001938,C001938,2023-12-27,Debit,active
A0001939,C001939,2024-04-09,Credit,active
A0001940,C001940,2025-09-06,Credit,active
A0001941,C001941,2024-01-14,Debit,active
A0001942,C001942,2024-06-06,Credit,active
A0001943,C001943,2023-07-27,Prepaid,active
A0001944,C001944,2025-10-17,Debit,active
A0001945,C001945,2024-02-07,Credit,active
A0001946,C001946,2024-04-18,Debit,active
A0001947,C001947,2025-08-31,Debit,active
A0001948,C001948,2023-10-16,Credit,active
A0001949,C001949,2025-01-15,Credit,active
A0001950,C001950,2024-10-28,Debit,active
A0001951,C001951,2025-08-26,Credit,active
A0001952,C001952,2023-11-13,Credit,active
A0001953,C001953,2025-07-06,Debit,active
A0001954,C001954,2023-11-29,Debit,active
A0001955,C001955,2023-10-05,Credit,active
A0001956,C001956,2024-10-10,Credit,active
A0001957,C001957,2023-08-05,Debit,active
A0001958,C001958,2025-03-03,Debit,active
A0001959,C001959,2023-12-24,Credit,active
A0001960,C001960,2025-09-11,Credit,active
A0001961,C001961,2023-07-19,Credit,active
A0001962,C001962,2024-06-20,Credit,active
A0001963,C001963,2024-04-05,Debit,active
A0001964,C001964,2023-08-20,Credit,active
A0001965,C001965,2024-05-07,Debit,active
A0001966,C001966,2025-02-08,Debit,active
A0001967,C001967,2024-11-17,Debit,active
A0001968,C001968,2025-06-02,Debit,active
A0001969,C001969,2025-04-01,Credit,active
A0001970,C001970,2025-09-19,Debit,active
A0001971,C001971,2025-06-11,Debit,active
A0001972,C001972,2025-02-03,Debit,active
A0001973,C001973,2024-04-10,Debit,active
A0001974,C001974,2024-10-28,Credit,active
A0001975,C001975,2024-05-31,Debit,active
A0001976,C001976,2023-08-14,Debit,active
A0001977,C001977,2023-09-21,Credit,active
A0001978,C001978,2024-10-19,Credit,active
A0001979,C001979,2024-11-05,Debit,active
A0001980,C001980,2025-03-04,Credit,active
A0001981,C001981,2025-01-11,Debit,active
A0001982,C001982,2023-12-26,Debit,active
A0001983,C001983,2024-01-13,Debit,active
A0001984,C001984,2025-11-04,Debit,active
A0001985,C001985,2025-10-28,Debit,active
A0001986,C001986,2023-12-13,Debit,active
A0001987,C001987,2024-02-27,Prepaid,active
A0001988,C001988,2025-10-28,Credit,active
A0001989,C001989,2024-10-09,Credit,active
A0001990,C001990,2024-10-10,Debit,active
A0001991,C001991,2024-07-05,Debit,active
A0001992,C001992,2025-02-21,Debit,active
A0001993,C001993,2023-08-31,Credit,active
A0001994,C001994,2025-04-15,Credit,active
A0001995,C001995,2023-08-08,Credit,active
A0001996,C001996,2025-09-25,Debit,active
A0001997,C001997,2024-03-21,Credit,active
A0001998,C001998,2023-11-01,Debit,active
A0001999,C001999,2023-12-11,Debit,active
A0002000,C002000,2024-05-24,Debit,active
