Strategy,Transactions,Fraud_Transactions,Fraud_Value,Fraud_Value_Captured_Pct,Fraud_Loss_After_Intervention,Precision_Among_Interventions,Fraud_Recall,Legitimate_Challenge_Count,Legitimate_Review_Count,False_Declines,Review_Overflow_Count,Net_Economic_Cost,Review_Capacity_Per_Day
Rules,74237,350,67233.18,69.46,22866.05,0.0457,0.7486,5322,123,30,95,-54198.31,10
Logistic,74237,350,67233.18,89.69,8068.15,0.1193,0.8829,2086,162,33,324,-79318.19,10
Rules + logistic,74237,350,67233.18,77.75,16298.38,0.0508,0.8629,5473,143,30,145,-60381.32,10
Rules,74237,350,67233.18,70.76,22137.94,0.0457,0.7486,5314,131,30,51,-54893.62,50
Logistic,74237,350,67233.18,90.44,7707.09,0.1193,0.8829,1863,385,33,66,-78764.96,50
Rules + logistic,74237,350,67233.18,79.8,15072.48,0.0508,0.8629,5458,158,30,93,-61545.72,50
Rules,74237,350,67233.18,73.09,20745.89,0.0457,0.7486,5305,140,30,0,-56248.77,150
Logistic,74237,350,67233.18,91.42,7219.04,0.1193,0.8829,1838,410,33,0,-79150.5,150
Rules + logistic,74237,350,67233.18,82.27,13749.75,0.0508,0.8629,5447,169,30,0,-62823.34,150
Rules,74237,350,67233.18,73.09,20745.89,0.0457,0.7486,5305,140,30,0,-56248.77,250
Logistic,74237,350,67233.18,91.42,7219.04,0.1193,0.8829,1838,410,33,0,-79150.5,250
Rules + logistic,74237,350,67233.18,82.27,13749.75,0.0508,0.8629,5447,169,30,0,-62823.34,250
Rules,74237,350,67233.18,73.09,20745.89,0.0457,0.7486,5305,140,30,0,-56248.77,500
Logistic,74237,350,67233.18,91.42,7219.04,0.1193,0.8829,1838,410,33,0,-79150.5,500
Rules + logistic,74237,350,67233.18,82.27,13749.75,0.0508,0.8629,5447,169,30,0,-62823.34,500
