Date,Transaction_Count,Transaction_Value,Average_Amount,Soft_Decline_Rate,High_Risk_Score_Rate,Volume_Prior_14d_ZScore,Risk_Score_Rate_Prior_14d_ZScore,Volume_3Sigma_Alert,Risk_Score_3Sigma_Alert
2026-01-01,4152,482255.75,116.1502,0.0152,0.0,,,0,0
2026-01-02,4101,457125.03,111.4667,0.019,0.0005,,,0,0
2026-01-03,4070,465605.41,114.3994,0.0143,0.0,,,0,0
2026-01-04,4199,484616.75,115.4124,0.0164,0.0,,,0,0
2026-01-05,4087,461998.13,113.0409,0.0157,0.0002,,,0,0
2026-01-06,4098,473876.52,115.636,0.0161,0.0005,,,0,0
2026-01-07,4002,456612.02,114.096,0.014,0.0,,,0,0
2026-01-08,4092,468739.67,114.5503,0.0152,0.0007,-0.161,2.419,0,0
2026-01-09,4100,472017.74,115.1263,0.0137,0.0005,-0.002,0.976,0,0
2026-01-10,4237,490827.01,115.8431,0.0163,0.0002,2.693,-0.25,0,0
2026-01-11,4092,458306.88,112.0007,0.0154,0.0,-0.344,-1.025,0,0
2026-01-12,4104,474881.88,115.712,0.0166,0.0005,-0.129,1.041,0,0
2026-01-13,4031,458561.0,113.7586,0.0151,0.0007,-1.378,1.745,0,0
2026-01-14,3956,433293.46,109.5282,0.0134,0.0005,-2.49,0.769,0,0
2026-01-15,4096,474435.33,115.8289,0.0159,0.001,0.024,2.606,0,0
2026-01-16,4056,467235.17,115.196,0.0153,0.0007,-0.51,1.053,0,0
2026-01-17,3978,470335.25,118.2341,0.0178,0.0,-1.608,-1.247,0,0
2026-01-18,4118,472373.76,114.7095,0.0143,0.0,0.51,-1.247,0,0
2026-01-19,4263,497464.13,116.6934,0.0129,0.0007,2.818,0.975,0,0
2026-01-20,4082,485369.12,118.9047,0.0145,0.001,-0.065,1.789,0,0
2026-01-21,4053,459876.89,113.4658,0.0133,0.0002,-0.402,-0.751,0,0
2026-01-22,4090,480421.08,117.4624,0.0139,0.0005,0.002,0.064,0,0
2026-01-23,3965,456361.23,115.0974,0.0141,0.002,-1.562,4.642,0,1
2026-01-24,4097,472179.63,115.2501,0.0164,0.0,0.197,-1.107,0,0
2026-01-25,3994,464593.13,116.3228,0.014,0.0,-1.022,-1.054,0,0
2026-01-26,4131,461438.55,111.7014,0.0145,0.0017,0.886,2.161,0,0
2026-01-27,3991,445069.65,111.5183,0.0143,0.0015,-0.949,1.418,0,0
2026-01-28,3973,449748.7,113.2013,0.0169,0.0028,-1.116,3.263,0,1
2026-01-29,4059,457555.0,112.726,0.0163,0.0022,-0.056,1.597,0,0
2026-01-30,4133,470516.53,113.8438,0.0148,0.0007,0.928,-0.276,0,0
2026-01-31,4058,461016.06,113.6067,0.0131,0.001,-0.103,0.055,0,0
2026-02-01,4071,477890.08,117.3889,0.0157,0.0002,-0.012,-0.949,0,0
2026-02-02,4157,477050.15,114.7583,0.0156,0.0034,1.176,2.782,0,0
2026-02-03,4112,473009.33,115.0315,0.0134,0.0036,0.867,2.286,0,0
2026-02-04,4438,545487.47,122.9129,0.03,0.046,6.241,37.157,1,1
2026-02-05,4135,464140.03,112.2467,0.0133,0.007,0.391,0.201,0,0
2026-02-06,4152,476494.22,114.7626,0.0152,0.0041,0.51,-0.092,0,0
2026-02-07,4263,504814.08,118.4176,0.0138,0.0021,1.429,-0.28,0,0
2026-02-08,4118,476607.69,115.7377,0.0151,0.0007,-0.009,-0.417,0,0
2026-02-09,4074,456229.42,111.9856,0.0187,0.0037,-0.487,-0.158,0,0
2026-02-10,4101,463559.38,113.0357,0.0119,0.0029,-0.205,-0.242,0,0
2026-02-11,3998,467650.9,116.9712,0.015,0.0035,-1.264,-0.199,0,0
2026-02-12,4159,479572.38,115.3095,0.0147,0.005,0.247,-0.07,0,0
2026-02-13,4010,450444.91,112.3304,0.0182,0.0045,-1.29,-0.133,0,0
2026-02-14,4063,472157.33,116.209,0.0153,0.001,-0.645,-0.472,0,0
2026-02-15,3968,462514.54,116.5611,0.0134,0.0023,-1.542,-0.355,0,0
2026-02-16,4072,474444.97,116.514,0.016,0.0049,-0.465,-0.137,0,0
2026-02-17,4393,524151.71,119.3152,0.0291,0.0592,2.402,4.761,0,1
2026-02-18,4111,456933.6,111.149,0.0163,0.0073,-0.208,-0.183,0,0
2026-02-19,4100,468238.99,114.2046,0.0132,0.0093,-0.147,0.109,0,0
2026-02-20,4136,481118.25,116.3245,0.0131,0.0089,0.218,0.07,0,0
2026-02-21,4118,474831.65,115.3064,0.0136,0.0046,0.058,-0.253,0,0
2026-02-22,4068,475464.14,116.8791,0.0165,0.0034,-0.347,-0.351,0,0
2026-02-23,4167,475517.44,114.1151,0.0108,0.0067,0.715,-0.134,0,0
2026-02-24,4269,476336.43,111.5803,0.0164,0.0089,1.678,0.006,0,0
2026-02-25,4111,462509.31,112.5053,0.0168,0.0083,-0.052,-0.068,0,0
2026-02-26,4111,472887.93,115.0299,0.0182,0.009,-0.134,-0.042,0,0
2026-02-27,4107,475805.36,115.8523,0.0151,0.008,-0.141,-0.135,0,0
2026-02-28,4101,475759.15,116.0105,0.0124,0.0044,-0.281,-0.413,0,0
2026-03-01,4173,485730.02,116.3983,0.0153,0.0036,0.443,-0.493,0,0
