Merchant_ID,Category,Region,Risk_Profile
M00001,Fuel,Midwest,baseline
M00002,Retail,South,baseline
M00003,Retail,West,baseline
M00004,Fuel,West,baseline
M00005,Dining,West,baseline
M00006,Digital,Midwest,baseline
M00007,Travel,Northeast,baseline
M00008,Dining,West,baseline
M00009,Digital,Northeast,baseline
M00010,Travel,West,baseline
M00011,Digital,South,baseline
M00012,Dining,West,baseline
M00013,Digital,South,baseline
M00014,Dining,Northeast,baseline
M00015,Grocery,Northeast,baseline
M00016,Digital,Northeast,baseline
M00017,Grocery,South,baseline
M00018,Fuel,South,baseline
M00019,Fuel,Northeast,baseline
M00020,Fuel,West,baseline
M00021,Fuel,Midwest,baseline
M00022,Retail,West,elevated
M00023,Dining,West,baseline
M00024,Grocery,Northeast,baseline
M00025,Digital,West,baseline
M00026,Retail,West,elevated
M00027,Fuel,Northeast,baseline
M00028,Dining,West,baseline
M00029,Dining,West,baseline
M00030,Retail,South,baseline
M00031,Digital,Midwest,baseline
M00032,Retail,West,baseline
M00033,Dining,West,baseline
M00034,Travel,Northeast,baseline
M00035,Travel,Midwest,baseline
M00036,Digital,Midwest,baseline
M00037,Fuel,Midwest,baseline
M00038,Retail,West,baseline
M00039,Fuel,South,baseline
M00040,Retail,West,baseline
M00041,Digital,Midwest,baseline
M00042,Dining,West,baseline
M00043,Dining,Midwest,baseline
M00044,Retail,South,baseline
M00045,Fuel,West,baseline
M00046,Travel,Northeast,baseline
M00047,Grocery,Northeast,baseline
M00048,Digital,West,baseline
M00049,Dining,South,baseline
M00050,Fuel,South,baseline
M00051,Retail,Northeast,baseline
M00052,Fuel,Midwest,baseline
M00053,Grocery,Northeast,baseline
M00054,Digital,Northeast,baseline
M00055,Dining,Northeast,baseline
M00056,Dining,South,baseline
M00057,Grocery,Midwest,baseline
M00058,Digital,West,baseline
M00059,Fuel,Midwest,baseline
M00060,Dining,Midwest,baseline
M00061,Fuel,West,baseline
M00062,Grocery,West,baseline
M00063,Retail,South,elevated
M00064,Retail,Midwest,baseline
M00065,Grocery,Midwest,baseline
M00066,Grocery,South,baseline
M00067,Retail,West,baseline
M00068,Retail,Midwest,baseline
M00069,Digital,Midwest,baseline
M00070,Fuel,Midwest,baseline
M00071,Fuel,South,baseline
M00072,Dining,West,elevated
M00073,Fuel,West,baseline
M00074,Retail,Midwest,baseline
M00075,Retail,Midwest,baseline
M00076,Dining,Northeast,baseline
M00077,Travel,Northeast,baseline
M00078,Fuel,Northeast,baseline
M00079,Grocery,Northeast,baseline
M00080,Dining,South,baseline
