Strategy,Transactions,Fraud_Transactions,Fraud_Value,Fraud_Value_Captured_Pct,Fraud_Loss_After_Intervention,Precision_Among_Interventions,Fraud_Recall,Legitimate_Challenge_Count,Legitimate_Review_Count,False_Declines,Review_Overflow_Count,Net_Economic_Cost,Review_Capacity_Per_Day,Economic_Scenario
Rules,74237,350,67233.18,69.46,22866.05,0.0457,0.7486,5322,123,30,95,-54198.31,10,Base assumptions
Logistic,74237,350,67233.18,74.89,19653.78,0.2425,0.6971,740,21,1,85,-71733.94,10,Base assumptions
Rules + logistic,74237,350,67233.18,72.18,20542.74,0.0489,0.8057,5327,123,30,108,-56514.85,10,Base assumptions
Incumbent,74237,350,67233.18,0.0,75983.18,0.0,0.0,1110,0,0,0,-15477.19,10,Base assumptions
Rules,74237,350,67233.18,69.46,31903.74,0.0457,0.7486,5322,123,30,95,-45160.62,10,Lower challenge effectiveness
Logistic,74237,350,67233.18,74.89,27100.61,0.2425,0.6971,740,21,1,85,-64287.11,10,Lower challenge effectiveness
Rules + logistic,74237,350,67233.18,72.18,30105.93,0.0489,0.8057,5327,123,30,108,-46951.66,10,Lower challenge effectiveness
Incumbent,74237,350,67233.18,0.0,75983.18,0.0,0.0,1110,0,0,0,-15477.19,10,Lower challenge effectiveness
Rules,74237,350,67233.18,69.46,16087.78,0.0457,0.7486,5322,123,30,95,-60976.58,10,Higher challenge effectiveness
Logistic,74237,350,67233.18,74.89,14068.66,0.2425,0.6971,740,21,1,85,-77319.06,10,Higher challenge effectiveness
Rules + logistic,74237,350,67233.18,72.18,13370.35,0.0489,0.8057,5327,123,30,108,-63687.25,10,Higher challenge effectiveness
Incumbent,74237,350,67233.18,0.0,75983.18,0.0,0.0,1110,0,0,0,-15477.19,10,Higher challenge effectiveness
Rules,74237,350,67233.18,69.46,22866.05,0.0457,0.7486,5322,123,30,95,-54798.31,10,Lower false-decline attrition
Logistic,74237,350,67233.18,74.89,19653.78,0.2425,0.6971,740,21,1,85,-71753.94,10,Lower false-decline attrition
Rules + logistic,74237,350,67233.18,72.18,20542.74,0.0489,0.8057,5327,123,30,108,-57114.85,10,Lower false-decline attrition
Incumbent,74237,350,67233.18,0.0,75983.18,0.0,0.0,1110,0,0,0,-15477.19,10,Lower false-decline attrition
Rules,74237,350,67233.18,69.46,22866.05,0.0457,0.7486,5322,123,30,95,-53448.31,10,Higher false-decline attrition
Logistic,74237,350,67233.18,74.89,19653.78,0.2425,0.6971,740,21,1,85,-71708.94,10,Higher false-decline attrition
Rules + logistic,74237,350,67233.18,72.18,20542.74,0.0489,0.8057,5327,123,30,108,-55764.85,10,Higher false-decline attrition
Incumbent,74237,350,67233.18,0.0,75983.18,0.0,0.0,1110,0,0,0,-15477.19,10,Higher false-decline attrition
Rules,74237,350,67233.18,69.46,23553.56,0.0457,0.7486,5322,123,30,95,-53510.8,10,Lower review recovery
Logistic,74237,350,67233.18,74.89,20396.05,0.2425,0.6971,740,21,1,85,-70991.66,10,Lower review recovery
Rules + logistic,74237,350,67233.18,72.18,21170.1,0.0489,0.8057,5327,123,30,108,-55887.49,10,Lower review recovery
Incumbent,74237,350,67233.18,0.0,75983.18,0.0,0.0,1110,0,0,0,-15477.19,10,Lower review recovery
Rules,74237,350,67233.18,70.76,22137.94,0.0457,0.7486,5314,131,30,51,-54893.62,50,Base assumptions
Logistic,74237,350,67233.18,76.84,18502.11,0.2425,0.6971,740,21,1,45,-72885.61,50,Base assumptions
Rules + logistic,74237,350,67233.18,73.66,19697.69,0.0489,0.8057,5319,131,30,64,-57327.1,50,Base assumptions
Incumbent,74237,350,67233.18,0.0,75983.18,0.0,0.0,1110,0,0,0,-15477.19,50,Base assumptions
Rules,74237,350,67233.18,70.76,29424.22,0.0457,0.7486,5314,131,30,51,-47607.34,50,Lower challenge effectiveness
Logistic,74237,350,67233.18,76.84,23317.59,0.2425,0.6971,740,21,1,45,-68070.13,50,Lower challenge effectiveness
Rules + logistic,74237,350,67233.18,73.66,27275.58,0.0489,0.8057,5319,131,30,64,-49749.22,50,Lower challenge effectiveness
Incumbent,74237,350,67233.18,0.0,75983.18,0.0,0.0,1110,0,0,0,-15477.19,50,Lower challenge effectiveness
Rules,74237,350,67233.18,70.76,16673.23,0.0457,0.7486,5314,131,30,51,-60358.33,50,Higher challenge effectiveness
Logistic,74237,350,67233.18,76.84,14890.5,0.2425,0.6971,740,21,1,45,-76497.22,50,Higher challenge effectiveness
Rules + logistic,74237,350,67233.18,73.66,14014.27,0.0489,0.8057,5319,131,30,64,-63010.52,50,Higher challenge effectiveness
Incumbent,74237,350,67233.18,0.0,75983.18,0.0,0.0,1110,0,0,0,-15477.19,50,Higher challenge effectiveness
Rules,74237,350,67233.18,70.76,22137.94,0.0457,0.7486,5314,131,30,51,-55493.62,50,Lower false-decline attrition
Logistic,74237,350,67233.18,76.84,18502.11,0.2425,0.6971,740,21,1,45,-72905.61,50,Lower false-decline attrition
Rules + logistic,74237,350,67233.18,73.66,19697.69,0.0489,0.8057,5319,131,30,64,-57927.1,50,Lower false-decline attrition
Incumbent,74237,350,67233.18,0.0,75983.18,0.0,0.0,1110,0,0,0,-15477.19,50,Lower false-decline attrition
Rules,74237,350,67233.18,70.76,22137.94,0.0457,0.7486,5314,131,30,51,-54143.62,50,Higher false-decline attrition
Logistic,74237,350,67233.18,76.84,18502.11,0.2425,0.6971,740,21,1,45,-72860.61,50,Higher false-decline attrition
Rules + logistic,74237,350,67233.18,73.66,19697.69,0.0489,0.8057,5319,131,30,64,-56577.1,50,Higher false-decline attrition
Incumbent,74237,350,67233.18,0.0,75983.18,0.0,0.0,1110,0,0,0,-15477.19,50,Higher false-decline attrition
Rules,74237,350,67233.18,70.76,24576.86,0.0457,0.7486,5314,131,30,51,-52454.7,50,Lower review recovery
Logistic,74237,350,67233.18,76.84,21875.73,0.2425,0.6971,740,21,1,45,-69511.99,50,Lower review recovery
Rules + logistic,74237,350,67233.18,73.66,22310.35,0.0489,0.8057,5319,131,30,64,-54714.44,50,Lower review recovery
Incumbent,74237,350,67233.18,0.0,75983.18,0.0,0.0,1110,0,0,0,-15477.19,50,Lower review recovery
Rules,74237,350,67233.18,73.09,20745.89,0.0457,0.7486,5305,140,30,0,-56248.77,150,Base assumptions
Logistic,74237,350,67233.18,78.37,17658.22,0.2425,0.6971,740,21,1,0,-73729.5,150,Base assumptions
Rules + logistic,74237,350,67233.18,76.26,18176.77,0.0489,0.8057,5310,140,30,0,-58811.13,150,Base assumptions
Incumbent,74237,350,67233.18,0.0,75983.18,0.0,0.0,1110,0,0,0,-15477.19,150,Base assumptions
Rules,74237,350,67233.18,73.09,24903.67,0.0457,0.7486,5305,140,30,0,-52090.99,150,Lower challenge effectiveness
Logistic,74237,350,67233.18,78.37,20416.92,0.2425,0.6971,740,21,1,0,-70970.8,150,Lower challenge effectiveness
Rules + logistic,74237,350,67233.18,76.26,22261.81,0.0489,0.8057,5310,140,30,0,-54726.08,150,Lower challenge effectiveness
Incumbent,74237,350,67233.18,0.0,75983.18,0.0,0.0,1110,0,0,0,-15477.19,150,Lower challenge effectiveness
Rules,74237,350,67233.18,73.09,17627.56,0.0457,0.7486,5305,140,30,0,-59367.11,150,Higher challenge effectiveness
Logistic,74237,350,67233.18,78.37,15589.19,0.2425,0.6971,740,21,1,0,-75798.52,150,Higher challenge effectiveness
Rules + logistic,74237,350,67233.18,76.26,15112.98,0.0489,0.8057,5310,140,30,0,-61874.91,150,Higher challenge effectiveness
Incumbent,74237,350,67233.18,0.0,75983.18,0.0,0.0,1110,0,0,0,-15477.19,150,Higher challenge effectiveness
Rules,74237,350,67233.18,73.09,20745.89,0.0457,0.7486,5305,140,30,0,-56848.77,150,Lower false-decline attrition
Logistic,74237,350,67233.18,78.37,17658.22,0.2425,0.6971,740,21,1,0,-73749.5,150,Lower false-decline attrition
Rules + logistic,74237,350,67233.18,76.26,18176.77,0.0489,0.8057,5310,140,30,0,-59411.13,150,Lower false-decline attrition
Incumbent,74237,350,67233.18,0.0,75983.18,0.0,0.0,1110,0,0,0,-15477.19,150,Lower false-decline attrition
Rules,74237,350,67233.18,73.09,20745.89,0.0457,0.7486,5305,140,30,0,-55498.77,150,Higher false-decline attrition
Logistic,74237,350,67233.18,78.37,17658.22,0.2425,0.6971,740,21,1,0,-73704.5,150,Higher false-decline attrition
Rules + logistic,74237,350,67233.18,76.26,18176.77,0.0489,0.8057,5310,140,30,0,-58061.13,150,Higher false-decline attrition
Incumbent,74237,350,67233.18,0.0,75983.18,0.0,0.0,1110,0,0,0,-15477.19,150,Higher false-decline attrition
Rules,74237,350,67233.18,73.09,26313.32,0.0457,0.7486,5305,140,30,0,-50681.35,150,Lower review recovery
Logistic,74237,350,67233.18,78.37,23088.62,0.2425,0.6971,740,21,1,0,-68299.1,150,Lower review recovery
Rules + logistic,74237,350,67233.18,76.26,24282.27,0.0489,0.8057,5310,140,30,0,-52705.62,150,Lower review recovery
Incumbent,74237,350,67233.18,0.0,75983.18,0.0,0.0,1110,0,0,0,-15477.19,150,Lower review recovery
Rules,74237,350,67233.18,73.09,20745.89,0.0457,0.7486,5305,140,30,0,-56248.77,250,Base assumptions
Logistic,74237,350,67233.18,78.37,17658.22,0.2425,0.6971,740,21,1,0,-73729.5,250,Base assumptions
Rules + logistic,74237,350,67233.18,76.26,18176.77,0.0489,0.8057,5310,140,30,0,-58811.13,250,Base assumptions
Incumbent,74237,350,67233.18,0.0,75983.18,0.0,0.0,1110,0,0,0,-15477.19,250,Base assumptions
Rules,74237,350,67233.18,73.09,24903.67,0.0457,0.7486,5305,140,30,0,-52090.99,250,Lower challenge effectiveness
Logistic,74237,350,67233.18,78.37,20416.92,0.2425,0.6971,740,21,1,0,-70970.8,250,Lower challenge effectiveness
Rules + logistic,74237,350,67233.18,76.26,22261.81,0.0489,0.8057,5310,140,30,0,-54726.08,250,Lower challenge effectiveness
Incumbent,74237,350,67233.18,0.0,75983.18,0.0,0.0,1110,0,0,0,-15477.19,250,Lower challenge effectiveness
Rules,74237,350,67233.18,73.09,17627.56,0.0457,0.7486,5305,140,30,0,-59367.11,250,Higher challenge effectiveness
Logistic,74237,350,67233.18,78.37,15589.19,0.2425,0.6971,740,21,1,0,-75798.52,250,Higher challenge effectiveness
Rules + logistic,74237,350,67233.18,76.26,15112.98,0.0489,0.8057,5310,140,30,0,-61874.91,250,Higher challenge effectiveness
Incumbent,74237,350,67233.18,0.0,75983.18,0.0,0.0,1110,0,0,0,-15477.19,250,Higher challenge effectiveness
Rules,74237,350,67233.18,73.09,20745.89,0.0457,0.7486,5305,140,30,0,-56848.77,250,Lower false-decline attrition
Logistic,74237,350,67233.18,78.37,17658.22,0.2425,0.6971,740,21,1,0,-73749.5,250,Lower false-decline attrition
Rules + logistic,74237,350,67233.18,76.26,18176.77,0.0489,0.8057,5310,140,30,0,-59411.13,250,Lower false-decline attrition
Incumbent,74237,350,67233.18,0.0,75983.18,0.0,0.0,1110,0,0,0,-15477.19,250,Lower false-decline attrition
Rules,74237,350,67233.18,73.09,20745.89,0.0457,0.7486,5305,140,30,0,-55498.77,250,Higher false-decline attrition
Logistic,74237,350,67233.18,78.37,17658.22,0.2425,0.6971,740,21,1,0,-73704.5,250,Higher false-decline attrition
Rules + logistic,74237,350,67233.18,76.26,18176.77,0.0489,0.8057,5310,140,30,0,-58061.13,250,Higher false-decline attrition
Incumbent,74237,350,67233.18,0.0,75983.18,0.0,0.0,1110,0,0,0,-15477.19,250,Higher false-decline attrition
Rules,74237,350,67233.18,73.09,26313.32,0.0457,0.7486,5305,140,30,0,-50681.35,250,Lower review recovery
Logistic,74237,350,67233.18,78.37,23088.62,0.2425,0.6971,740,21,1,0,-68299.1,250,Lower review recovery
Rules + logistic,74237,350,67233.18,76.26,24282.27,0.0489,0.8057,5310,140,30,0,-52705.62,250,Lower review recovery
Incumbent,74237,350,67233.18,0.0,75983.18,0.0,0.0,1110,0,0,0,-15477.19,250,Lower review recovery
Rules,74237,350,67233.18,73.09,20745.89,0.0457,0.7486,5305,140,30,0,-56248.77,500,Base assumptions
Logistic,74237,350,67233.18,78.37,17658.22,0.2425,0.6971,740,21,1,0,-73729.5,500,Base assumptions
Rules + logistic,74237,350,67233.18,76.26,18176.77,0.0489,0.8057,5310,140,30,0,-58811.13,500,Base assumptions
Incumbent,74237,350,67233.18,0.0,75983.18,0.0,0.0,1110,0,0,0,-15477.19,500,Base assumptions
Rules,74237,350,67233.18,73.09,24903.67,0.0457,0.7486,5305,140,30,0,-52090.99,500,Lower challenge effectiveness
Logistic,74237,350,67233.18,78.37,20416.92,0.2425,0.6971,740,21,1,0,-70970.8,500,Lower challenge effectiveness
Rules + logistic,74237,350,67233.18,76.26,22261.81,0.0489,0.8057,5310,140,30,0,-54726.08,500,Lower challenge effectiveness
Incumbent,74237,350,67233.18,0.0,75983.18,0.0,0.0,1110,0,0,0,-15477.19,500,Lower challenge effectiveness
Rules,74237,350,67233.18,73.09,17627.56,0.0457,0.7486,5305,140,30,0,-59367.11,500,Higher challenge effectiveness
Logistic,74237,350,67233.18,78.37,15589.19,0.2425,0.6971,740,21,1,0,-75798.52,500,Higher challenge effectiveness
Rules + logistic,74237,350,67233.18,76.26,15112.98,0.0489,0.8057,5310,140,30,0,-61874.91,500,Higher challenge effectiveness
Incumbent,74237,350,67233.18,0.0,75983.18,0.0,0.0,1110,0,0,0,-15477.19,500,Higher challenge effectiveness
Rules,74237,350,67233.18,73.09,20745.89,0.0457,0.7486,5305,140,30,0,-56848.77,500,Lower false-decline attrition
Logistic,74237,350,67233.18,78.37,17658.22,0.2425,0.6971,740,21,1,0,-73749.5,500,Lower false-decline attrition
Rules + logistic,74237,350,67233.18,76.26,18176.77,0.0489,0.8057,5310,140,30,0,-59411.13,500,Lower false-decline attrition
Incumbent,74237,350,67233.18,0.0,75983.18,0.0,0.0,1110,0,0,0,-15477.19,500,Lower false-decline attrition
Rules,74237,350,67233.18,73.09,20745.89,0.0457,0.7486,5305,140,30,0,-55498.77,500,Higher false-decline attrition
Logistic,74237,350,67233.18,78.37,17658.22,0.2425,0.6971,740,21,1,0,-73704.5,500,Higher false-decline attrition
Rules + logistic,74237,350,67233.18,76.26,18176.77,0.0489,0.8057,5310,140,30,0,-58061.13,500,Higher false-decline attrition
Incumbent,74237,350,67233.18,0.0,75983.18,0.0,0.0,1110,0,0,0,-15477.19,500,Higher false-decline attrition
Rules,74237,350,67233.18,73.09,26313.32,0.0457,0.7486,5305,140,30,0,-50681.35,500,Lower review recovery
Logistic,74237,350,67233.18,78.37,23088.62,0.2425,0.6971,740,21,1,0,-68299.1,500,Lower review recovery
Rules + logistic,74237,350,67233.18,76.26,24282.27,0.0489,0.8057,5310,140,30,0,-52705.62,500,Lower review recovery
Incumbent,74237,350,67233.18,0.0,75983.18,0.0,0.0,1110,0,0,0,-15477.19,500,Lower review recovery
