Strategy,Typology,Fraud_Transactions,Fraud_Value,Fraud_Value_Captured_Pct
Incumbent,account_takeover,30,12544.75,0.0
Incumbent,card_testing,120,325.19,0.0
Incumbent,credential_compromise,40,19417.36,0.0
Incumbent,terminal_compromise,160,34945.88,0.0
Rules,account_takeover,30,12544.75,77.99
Rules,card_testing,120,325.19,65.71
Rules,credential_compromise,40,19417.36,84.98
Rules,terminal_compromise,160,34945.88,64.79
Logistic,account_takeover,30,12544.75,92.37
Logistic,card_testing,120,325.19,65.66
Logistic,credential_compromise,40,19417.36,96.2
Logistic,terminal_compromise,160,34945.88,88.65
Rules + logistic,account_takeover,30,12544.75,83.73
Rules + logistic,card_testing,120,325.19,70.15
Rules + logistic,credential_compromise,40,19417.36,87.85
Rules + logistic,terminal_compromise,160,34945.88,78.76
